标题,价格,销量,店铺,发货地,品牌,型号,货号,玩偶种类,玩具狗种类,适用年龄,卡通角色,玩具类型,颜色分类,版本类型,材质,填充物,高度,是否有导购视频,泰迪熊类型,芭比型号,类型,适用年龄段,产地,玩具系列,当前链接,上级链接,下载时间
可爱穿衣趴趴狗公仔睡觉抱枕靠垫毛绒玩具玩偶布娃娃女生生日礼物,49.00,5388人付款,飘飘龙旗舰店,浙江 杭州,飘飘龙,趴趴狗系列,JY20170406,狗狗,其他,3岁 4岁 5岁 6岁 7岁 8岁 9岁 10岁 11岁 12岁 13岁 14岁 14岁以上,其他,靠垫/抱枕,升级版柔软白色狗崽 升级版柔软棕色狗崽,国产,毛绒,PP棉,50厘米 90厘米 70厘米 棕预售1月15日陆续发货 110厘米,,,,,,,,http://detail.tmall.com/item.htm?id=548138039257&ad_id=&am_id=&cm_id=140105335569ed55e27b&pm_id=&abbucket=0,http://s.taobao.com/search?q=娃娃&ie=utf8&cps=yes&app=vproduct&cd=false&v=auction&tab=all&vlist=1&bcoffset=1&s=0,2018-01-12 09:46:22
泰迪熊猫公仔抱抱熊女生布娃娃玩偶抱枕大毛绒玩具送女友生日礼物,58.00,15728人付款,爱哚哚旗舰店,江苏 扬州,爱哚哚,,心心熊,熊熊,,3岁 4岁 5岁 6岁 7岁 8岁 9岁 10岁 11岁 12岁 13岁 14岁 14岁以上,抱抱熊,公仔,心熊深棕 心熊紫 love熊深棕蓝围巾 love熊深棕红围 love熊浅棕蓝围巾 love熊浅棕红围巾,原装正版,毛绒,PP棉,80厘米（彩袋+玫瑰） 80厘米（箱装+玫瑰） 1米（彩袋+玫瑰） 1米（箱装+玫瑰） 1.2米（彩袋+玫瑰） 1.2米（箱装+玫瑰） 1.4米（彩袋+玫瑰） 1.4米（箱装+玫瑰） 1.6米（彩袋+玫瑰） 1.6米（箱装+玫瑰） 1.8米（彩袋+玫瑰） 2米（超大款送3朵玫瑰） 1.2米（新品体验价每天10只） 2.6米（土豪款送9朵玫瑰）,无,,,,,,,http://detail.tmall.com/item.htm?id=556411469289&ns=1&abbucket=0,http://s.taobao.com/search?q=娃娃&ie=utf8&cps=yes&app=vproduct&cd=false&v=auction&tab=all&vlist=1&bcoffset=1&s=0,2018-01-12 09:46:23
2018狗年吉祥物公仔批发旺财生肖小狗玩偶礼品狗狗布娃娃毛绒玩具,4.30,6413人付款,超越玩具城,山东 临沂,典爱,,MZ17102801狗年吉祥物,狗狗,其他,2岁 3岁 4岁 5岁 6岁 7岁 8岁 9岁 10岁 11岁 12岁 13岁 14岁 14岁以上,其他,公仔,麂皮绒狗18cm 祥云狗20cm 红泰迪20cm 福财狗12cm 祥瑞狗20cm 掌柜12cm左右搭配发 掌柜16cm左右搭配发 掌柜20cm左右搭配发货 喜庆唐装狗16cm 鸿福狗16cm QQ狗25cm 喜庆超柔狗20cm 红围巾花布狗25cm 多彩花布狗30cm 旺字二哈18cm 特价-旺字二哈26cm 碎花狗20cm 吉祥狗16cm 麂皮绒狗25cm 歪头铃铛旺财18cm 旺福狗16cm 乳白色 白色 米白色 浅灰色 深灰色 灰色 银色 黑色 桔红色 玫红色 粉红色 红色 藕色 西瓜红 酒红色 卡其色 姜黄色 明黄色 杏色 柠檬黄 桔色 浅黄色 荧光黄 金色 香槟色 黄色 军绿色 墨绿色 浅绿色 翠绿色 荧光绿 青色 天蓝色 孔雀蓝 宝蓝色 浅蓝色 深蓝色 湖蓝色 蓝色 藏青色 浅紫色 深紫色 紫红色 紫色 咖啡色 巧克力色 栗色 浅棕色 深卡其布色 深棕色 褐色 驼色 花色 其他颜色,国产,毛绒,PP棉,狗年吉祥物/颜色搭配发/单只价,,,,,,,,http://item.taobao.com/item.htm?id=560667545255&ns=1&abbucket=0#detail,http://s.taobao.com/search?q=娃娃&ie=utf8&cps=yes&app=vproduct&cd=false&v=auction&tab=all&vlist=1&bcoffset=1&s=0,2018-01-12 09:46:23
泰迪熊大熊毛绒玩具1.8米熊猫公仔抱抱熊2米娃娃女生日礼物送女友,128.00,5528人付款,惠峰旗舰店,江苏 扬州,惠峰,,玫瑰熊系列,熊熊,,4岁 5岁 6岁 7岁 8岁 9岁 10岁 11岁 12岁 13岁 14岁 14岁以上,抱抱熊,公仔,爱心毛衣-我爱你 红白条纹-嫁给我吧 红白条纹-开心每一天 红白条纹-生日快乐 红白条纹-我爱你 爱心毛衣 蓝白条纹 红色love毛衣 红白条纹 美国旗 咖啡条纹,国产,毛绒,PP棉,80厘米【送60厘米毛衣熊+玫瑰花】 1米【送60厘米毛衣熊+玫瑰花】 1.2米【送60厘米毛衣熊+玫瑰花】 1.4米【送60厘米毛衣熊+玫瑰花】 1.6米【送60厘米毛衣熊+玫瑰花】 1.8米【送60厘米毛衣熊+玫瑰花】 2米【送60厘米毛衣熊+玫瑰花】 2.2米【送60厘米毛衣熊+玫瑰花】,,,,,,,,http://detail.tmall.com/item.htm?id=525129203915&ns=1&abbucket=0,http://s.taobao.com/search?q=娃娃&ie=utf8&cps=yes&app=vproduct&cd=false&v=auction&tab=all&vlist=1&bcoffset=1&s=0,2018-01-12 09:46:24
泰迪熊公仔娃娃抱抱熊女生大熊毛绒玩具1.8米熊猫生日礼物送女友,88.00,18117人付款,惠峰旗舰店,江苏 扬州,惠峰,,HF-TDX-001,熊熊,,4岁 5岁 6岁 7岁 8岁 9岁 10岁 11岁 12岁 13岁 14岁 14岁以上,Teddy Bear/泰迪熊,公仔,米白美国旗-柔软款 米白红白条纹-柔软款 浅棕美国旗-柔软款 深棕红白条纹-柔软款 深棕蓝白条纹-柔软款 深棕美国旗-柔软款 浅棕红白条纹-柔软款 米白蓝白条纹-柔软款,国产,毛绒,PP棉,直角量1.2米，全长量1米送玫瑰花 直角量1.4米，全长量1.2米送小熊 直角量1.6米，全长量1.4米送小熊 直角量1.8米，全长量1.6米送小熊 直角量2米，全长量1.8米送小熊 直角量2.2米，全长量2米送小熊 全长量1.2米送小熊【箱装】 直角量1米，全长量80厘米送玫瑰花 全长量1.4米送小熊【箱装】 全长量1.6米送小熊【箱装】 全长量1.8米送小熊【箱装】,,单熊,,,,,,http://detail.tmall.com/item.htm?id=529380982466&ns=1&abbucket=0,http://s.taobao.com/search?q=娃娃&ie=utf8&cps=yes&app=vproduct&cd=false&v=auction&tab=all&vlist=1&bcoffset=1&s=0,2018-01-12 09:46:24
正版小猪佩奇玩具毛绒乔治恐龙小猪佩琪公仔玩偶新年礼物家庭套装,20.00,16964人付款,巧智母婴专营店,浙江 金华,小猪佩奇,,小猪佩奇乔治恐龙玩具,恐龙,,2岁 3岁 4岁 5岁 6岁 7岁 8岁,其他,公仔,一家四口盒装（领券拍下95元）推荐 大号一家四口盒装（领券拍下160）推荐 一家六口（券后152） 超大号四口（券后254元） 小号四口新年礼盒（券后115） 大号四口新年盒装（券后168） 19CM恐龙 29CM乔治的恐龙 46CM乔治的大恐龙 30CM乔治（抱恐龙） 30CM佩奇（抱小熊） 30CM圣诞佩奇 46CM乔治 46CM佩奇 66CM乔治 66CM佩奇 佩奇背包 乔治背包 小伙伴6只盒装 30CM一家四口 30CM一家六口 大号一家六口 16CM乔治圆包 16CM佩奇圆包,原装正版,毛绒,PP棉,正版乔治大恐龙小猪佩奇玩具,,,,,,,,http://detail.tmall.com/item.htm?id=543020177069&ns=1&abbucket=0,http://s.taobao.com/search?q=娃娃&ie=utf8&cps=yes&app=vproduct&cd=false&v=auction&tab=all&vlist=1&bcoffset=1&s=0,2018-01-12 09:46:25
正版粉红豹毛绒玩具可爱粉红顽皮豹公仔布娃娃生日情人节礼物女生,48.00,33206人付款,捉趣旗舰店,浙江 金华,捉趣,,FHB,狐狸/豹,,3岁 4岁 5岁 6岁 7岁 8岁 9岁 10岁 11岁 12岁 13岁 14岁 14岁以上,粉红顽皮豹,公仔,粉红豹,原装正版,毛绒,PP棉,55厘米(送发带) 80厘米(送发带) 1.1米(送发带) 1.3米（送发带+随机小公仔） 1.5米（送发带+随机小公仔） 1.8米（送发带+35cm随机公仔）,,,,,,,,http://detail.tmall.com/item.htm?id=558808840443&ns=1&abbucket=0,http://s.taobao.com/search?q=娃娃&ie=utf8&cps=yes&app=vproduct&cd=false&v=auction&tab=all&vlist=1&bcoffset=1&s=0,2018-01-12 09:46:26
2018狗年吉祥物公仔生肖狗毛绒玩具小狗布娃娃定制LOGO礼品批发,9.90,5679人付款,河小豚旗舰店,山东 临沂,河小豚,,狗年吉祥物公仔,狗狗,,4岁 5岁 6岁 7岁 8岁 9岁 10岁 11岁 12岁 13岁 14岁 14岁以上,,公仔,经典唐装狗20厘米 财神到狗高22厘米 福包小汪高22厘米 缤纷花布狗22厘米 鸿福狗高20厘米 喜庆红旺福狗20厘米 旺旺狗20厘米 官帽狗20厘米 洪福齐天狗 高20厘米 旺字当头20厘米 升官旺福狗23厘米 财源滚滚狗 高20厘米 发财狗 高20厘米 纳福迎祥狗18厘米 新状元福21厘米 金犬唐装旺财高20厘米 祥瑞狗高20厘米 彩云福狗高20厘米 花布围巾萌小哈23厘米 钱袋狗20厘米 迎春花布狗高20厘米 卖家帮忙搭配款式 缎面旺狗 高20厘米 大萌犬哈士奇高25厘米,原装正版,毛绒,PP棉,单个价格，颜色平均,无,,,,,,,http://detail.tmall.com/item.htm?id=560602067061&ns=1&abbucket=0,http://s.taobao.com/search?q=娃娃&ie=utf8&cps=yes&app=vproduct&cd=false&v=auction&tab=all&vlist=1&bcoffset=1&s=0,2018-01-12 09:46:26
泰迪熊公仔布娃娃熊猫毛绒玩具1.6米大熊1.8抱抱熊生日礼物送女友,75.00,6686人付款,豆米玩旗舰店,江苏 扬州,豆米玩,,DMW-TDX-006,熊熊,,5岁 6岁 7岁 8岁 9岁 10岁 11岁 12岁 13岁 14岁 14岁以上,Teddy Bear/泰迪熊,公仔,咖啡【爱心棕围巾】 咖啡【爱心黄围巾】 浅棕【爱心棕围巾】 浅棕【爱心黄围巾】 米白【爱心棕围巾】 米白【爱心黄围巾】,国产,毛绒,PP棉,全长1.8米【纸箱+送玫瑰花】 全长量1米【彩袋+送玫瑰花】 全长1.2米【彩袋+送玫瑰花】 全长1.4米（彩袋+送玫瑰花） 全长1.4米【彩袋+送玫瑰花】 全长1.6米（彩袋+送玫瑰花） 全长1.6米【彩袋+送玫瑰花】 全长1.8米【彩袋+送玫瑰花】 全长量2米【彩袋+送玫瑰花】 全长量1米【纸箱+送玫瑰花】 全长1.2米【纸箱+送玫瑰花】 全长1.4米【纸箱+送玫瑰花】 全长1.6米【纸箱+送玫瑰花】,,单熊,,,,,,http://detail.tmall.com/item.htm?id=537721467480&ns=1&abbucket=0,http://s.taobao.com/search?q=娃娃&ie=utf8&cps=yes&app=vproduct&cd=false&v=auction&tab=all&vlist=1&bcoffset=1&s=0,2018-01-12 09:46:26
泰迪熊猫公仔1.8抱抱熊女生布娃娃2米大熊毛绒玩具生日礼物送女友,108.00,14636人付款,豆米玩旗舰店,江苏 扬州,豆米玩,,DMW-TDX-007,熊熊,,7岁 8岁 9岁 10岁 11岁 12岁 13岁 14岁 14岁以上,Teddy Bear/泰迪熊,公仔,深棕【紫条纹围巾】 深棕【红白条纹围巾】 浅棕【红白条纹围巾】 浅棕【紫条纹围巾】,国产,毛绒,PP棉,全长80厘米【彩袋+玫瑰花】 全长80厘米【箱装+玫瑰花】 全长量1米【彩袋+玫瑰花】 全长量1米【箱装+玫瑰花】 全长1.2米【彩袋+送小熊】 全长1.2米【箱装+送小熊】 全长1.4米【彩袋+玫瑰花】 全长1.4米【箱装+送小熊】 全长1.6米【彩袋+玫瑰花】 全长1.6米【箱装+送小熊】 全长1.8米【彩袋+玫瑰花】 全长2米【彩袋+送小熊】 全长1.8米【箱装+送小熊】 全长1.4米（彩袋+送小熊） 全长1.6米（彩袋+送小熊） 全长1.8米（彩袋+送小熊）,,情侣熊,,,,,,http://detail.tmall.com/item.htm?id=546087701857&ns=1&abbucket=0,http://s.taobao.com/search?q=娃娃&ie=utf8&cps=yes&app=vproduct&cd=false&v=auction&tab=all&vlist=1&bcoffset=1&s=0,2018-01-12 09:46:27
正版达浪粉红豹粉红顽皮豹公仔玩偶跳跳虎毛绒玩具娃娃抱枕礼物,28.00,14154人付款,猫阁阁家居旗舰店,江苏 扬州,猫阁阁,,20150509001,狐狸/豹,,3岁 4岁 5岁 6岁 7岁 8岁 9岁 10岁 11岁 12岁 13岁 14岁 14岁以上,粉红顽皮豹,公仔,白色T恤粉红豹 蓝绿卫衣粉红豹 灰色卫衣粉红豹 棕色卫衣粉红豹 红色卫衣粉红豹 铁丝粉红豹(更方便造型) 蓝色毛衣粉红豹 红色毛衣粉红豹 黄色毛衣粉红豹 绿色毛衣粉红豹,原装正版,毛绒,PP棉,[小孩玩耍]55厘米(随机送海豚挂件) [小孩玩耍]80厘米(随机送海豚挂件) [舒适抱枕]1.1米(随机送30cm毛绒玩具) [生日礼物]1.3米(随机送30cm毛绒玩具) [女神最爱]1.5米(随机送30cm毛绒玩具) [送礼特有面]1.8米(随机送30cm毛绒玩具),,,,,,,,http://detail.tmall.com/item.htm?id=550407614193&ns=1&abbucket=0,http://s.taobao.com/search?q=娃娃&ie=utf8&cps=yes&app=vproduct&cd=false&v=auction&tab=all&vlist=1&bcoffset=1&s=0,2018-01-12 09:46:27
可爱毛绒玩具兔子抱枕公仔布娃娃流氓兔小玩偶送女孩儿童生日礼物,38.00,19583人付款,陶陶妮旗舰店,江苏 扬州,陶陶妮,兔子公仔,眯眼爱心兔,兔兔,,3岁 4岁 5岁 6岁 7岁 8岁 9岁 10岁 11岁 12岁 13岁 14岁 14岁以上,其他,公仔,粉色眯眼love兔 墨绿色眯眼love兔 粉色睁眼love兔 墨绿色睁眼love兔,国产,毛绒,PP棉,80厘米（送同款同大小） 80厘米（送同款55cm） 1米（送同款55cm） 1米（送同款同大小） 1.2米（送同款55cm） 1.2米（送同款同大小） 1.5米（送同款55cm） 1.5米（送同款同大小） 1.7米（送同款55cm） 1.7米（送同款同大小）,无,,,,,,,http://detail.tmall.com/item.htm?id=547956669837&ns=1&abbucket=0,http://s.taobao.com/search?q=娃娃&ie=utf8&cps=yes&app=vproduct&cd=false&v=auction&tab=all&vlist=1&bcoffset=1&s=0,2018-01-12 09:46:27
抱抱熊大熊毛绒玩具送女友2米女生可爱萌韩国娃娃公仔睡觉抱女孩,39.00,16216人付款,蓝馨儿旗舰店,江苏 扬州,蓝馨儿,,LXR0300,熊熊,,6岁 7岁 8岁 9岁 10岁 11岁 12岁 13岁 14岁 14岁以上,其他,公仔,浅棕色 深棕色 巧克力色 粉色 米白色 白色 紫色,国产,毛绒,PP棉,直角量1.4米拉直量1.2米（送毛绒公仔+仿真花一朵） 直角量1.0米拉直量0.8米（送毛绒公仔+仿真花一朵） 直角量1.2米拉直量1.0米（送毛绒公仔+仿真花一朵） 直角量1.0米拉直量80厘米（可拆洗，送玫瑰花） 直角量1.2米拉直量100厘米(可拆洗，送玫瑰花) 直角量1.4米拉直量120厘米(可拆洗，送玫瑰花) 直角量1.6米拉直量140厘米(可拆洗，送玫瑰花) 直角量1.8米拉直量160厘米(可拆洗，送玫瑰花) 直角量2.0米拉直量180厘米(可拆洗，送玫瑰花) 直角量1.4米拉直量1.20米（特价尺寸，亏本促销！）,无,,,,,,,http://detail.tmall.com/item.htm?id=43599387624&ns=1&abbucket=0,http://s.taobao.com/search?q=娃娃&ie=utf8&cps=yes&app=vproduct&cd=false&v=auction&tab=all&vlist=1&bcoffset=1&s=0,2018-01-12 09:46:28
泰迪熊抱抱熊猫公仔大熊2米布娃娃毛绒玩具女孩送女友萌可爱睡觉,78.00,8668人付款,咔噜噜旗舰店,江苏 扬州,咔噜噜,熊系列,kalulu258,熊熊,,3岁 4岁 5岁 6岁 7岁 8岁 9岁 10岁 11岁 12岁 13岁 14岁 14岁以上,ted,公仔,微笑熊-粉色 微笑熊-红色 微笑熊-紫色 微笑熊-棕色 呆萌熊--紫色 呆萌熊--粉色 呆萌熊--红色 呆萌熊--棕色,国产,毛绒,PP棉,直角量1.4米拉直量1.2米(亏本促销每天10只) 直角量1米拉直量80厘米(彩袋+玫瑰) 直角量1.2米拉直量1米(彩袋+玫瑰) 直角量1.6米拉直量1.4米(彩袋+玫瑰) 直角量1.8米拉直量1.6米(彩袋+玫瑰) 直角量1.6米拉直量1.4米(箱装+玫瑰) 直角量1.8米拉直量1.6米(箱装+玫瑰) 直角量2米拉直量1.8米(彩袋+玫瑰) 直角量2米拉直量1.8米(箱装+玫瑰) 直角量2.2米拉直量2米(袋装+9朵花) 直角量3米拉直量2.6米(9朵花),无,,,,,,,http://detail.tmall.com/item.htm?id=558844777132&ns=1&abbucket=0,http://s.taobao.com/search?q=娃娃&ie=utf8&cps=yes&app=vproduct&cd=false&v=auction&tab=all&vlist=1&bcoffset=1&s=0,2018-01-12 09:46:28
哈士奇公仔布娃娃大号熊可爱毛绒玩具狗狗女生睡觉抱枕送女友女孩,75.00,14034人付款,范特西凯斯旗舰店,江苏 扬州,范特西凯斯,,哈士奇,狗狗,哈士奇,4岁 5岁 6岁 7岁 8岁 9岁 10岁 11岁 12岁 13岁 14岁 14岁以上,情侣狗,公仔,哈士奇（可拆洗）,原装正版,毛绒,PP棉,【拍下9折】1米【收藏送包装袋+40CM小哈士奇】 【朋友送礼】1米【收藏加购送包装袋】 【拍下9折】1.2米【收藏送包装袋+40CM小哈士奇】 【拍下9折】1.5-1.6米【收藏送包装袋+40CM小哈士奇】 【拍下9折】1.7-1.8米【收藏送包装袋+40CM小哈士奇】 【拍下9折】2米【收藏送包装袋+50CM小哈士奇】,无,,,,,,,http://detail.tmall.com/item.htm?id=543294506146&ns=1&abbucket=0,http://s.taobao.com/search?q=娃娃&ie=utf8&cps=yes&app=vproduct&cd=false&v=auction&tab=all&vlist=1&bcoffset=1&s=0,2018-01-12 09:46:28
狗年吉祥物金钱狗公仔招财狗毛绒玩具生肖玩偶布娃娃新年礼品定制,8.80,2872人付款,朵朵象旗舰店,江苏 扬州,朵朵象,,DD0823,狗狗,其他,3岁 4岁 5岁 6岁 7岁 8岁 9岁 10岁 11岁 12岁 13岁 14岁 14岁以上,,公仔,红色,国产,毛绒,PP棉,15厘米 20厘米 25厘米 35厘米,无,,,,,,,http://detail.tmall.com/item.htm?id=561286619987&ns=1&abbucket=0,http://s.taobao.com/search?q=娃娃&ie=utf8&cps=yes&app=vproduct&cd=false&v=auction&tab=all&vlist=1&bcoffset=1&s=0,2018-01-12 09:46:29
狗年吉祥物旺财狗公仔生肖狗玩偶小狗毛绒玩具布娃娃新年礼品定制,6.50,3018人付款,朵朵象旗舰店,江苏 扬州,朵朵象,,DD0822,狗狗,其他,3岁 4岁 5岁 6岁 7岁 8岁 9岁 10岁 11岁 12岁 13岁 14岁 14岁以上,,公仔,唐装狗 金钱狗 红色福旺狗 大头旺狗白嘴 大头旺狗黄嘴 笑脸狗红色 笑脸狗唐装 $眼狗红色 $眼狗黄色 情侣旺财狗犬黑眼 情侣旺财犬金眼 福狗红黄耳朵 圆球狗 官运狗 送福狗 唐装福字狗 印花旺旺狗 灰白招财狗 旺财狗红色 旺财狗黄色 生肖唐装狗 元宝趴狗黄色 元宝趴狗红色,国产,毛绒,PP棉,15厘米 20厘米 25厘米 30厘米 35厘米 40厘米 50厘米,有,,,,,,,http://detail.tmall.com/item.htm?id=561140357671&ns=1&abbucket=0,http://s.taobao.com/search?q=娃娃&ie=utf8&cps=yes&app=vproduct&cd=false&v=auction&tab=all&vlist=1&bcoffset=1&s=0,2018-01-12 09:46:29
2米1.8大熊公仔泰迪熊猫3毛绒玩具送女友1.6超大号抱抱熊布娃娃女,118.00,9571人付款,蓓比贝尔旗舰店,浙江 杭州,蓓比贝尔,抱抱熊,泰迪熊,熊熊,,2岁 3岁 4岁 5岁 6岁 7岁 8岁 9岁 10岁 11岁 12岁 13岁 14岁 14岁以上,抱抱熊,公仔,浅棕美国大熊 粉色美国大熊 灰色美国大熊 深棕美国大熊,国产,毛绒,PP棉,"直角3.4米,拉直量3.2米(袋装)送玫瑰花 直角1.6米,拉直量1.4米(袋装)送玫瑰花 直角1.6米,拉直量1.4米(箱装)送玫瑰花 直角1.8米,拉直量1.6米(袋装)送玫瑰花 直角2.2米,拉直量2.0米(袋装)送玫瑰花 直角1.2米,拉直量1.0米(箱装)送玫瑰花 直角2.8米,拉直量2.6米(袋装)送玫瑰花 直角1.2米,拉直量1.0米(袋装)送玫瑰花 直角1.8米,拉直量1.6米(箱装)送玫瑰花 直角2.0米,全长量1.8米(袋装)送玫瑰花 直角2.0米,拉直量1.8米(箱装)送玫瑰花 直角2.2米,拉直量2.0米(箱装)送玫瑰花 直角2.8米,拉直量2.6米(箱装)送玫瑰花",,,,,,,,http://detail.tmall.com/item.htm?id=521623546419&ns=1&abbucket=0,http://s.taobao.com/search?q=娃娃&ie=utf8&cps=yes&app=vproduct&cd=false&v=auction&tab=all&vlist=1&bcoffset=1&s=0,2018-01-12 09:46:31
抱抱熊公仔2米泰迪熊猫布娃娃1.8米毛绒玩具熊大熊生日礼物送女友,108.00,11015人付款,优美尚川跃专卖店,江苏 扬州,umesong/优美尚,,围巾熊,熊熊,,3岁 4岁 5岁 6岁 7岁 8岁 9岁 10岁 11岁 12岁 13岁 14岁 14岁以上,抱抱熊,公仔,棕.开心熊 白.开心熊 粉.开心熊 紫.想念熊 粉.想念熊 紫.想念熊定制,原装正版,毛绒,PP棉,直角量2米全长量1.8米【送小熊+玫瑰+彩袋 直角量2.2米全长量2米【送小熊+玫瑰+彩袋 全长80厘米箱装 全长1米箱装 全长1.2米【送玫瑰+箱装 全长1.4米【送小熊+玫瑰+箱装 直角量1米全长量80厘米彩袋 直角量1.2米全长量1米彩袋 全长1.6米【送小熊+玫瑰+箱装 全长1.8米【送小熊+玫瑰+箱装 全长2米【送小熊+玫瑰+箱装 直角量1.4米全长量1.2米【送玫瑰+彩袋 直角量1.6米全长量1.4米【送小熊+玫瑰+彩袋 直角量1.8米全长量1.6米【送小熊+玫瑰+彩袋,无,,,,,,,http://detail.tmall.com/item.htm?id=541017907539&ns=1&abbucket=0,http://s.taobao.com/search?q=娃娃&ie=utf8&cps=yes&app=vproduct&cd=false&v=auction&tab=all&vlist=1&bcoffset=1&s=0,2018-01-12 09:46:31
1.6大熊3超大号毛绒玩具送女友泰迪熊猫1.8米2抱抱熊布娃娃公仔女,148.00,4324人付款,乐乐龙跃跃龙专卖店,浙江 杭州,乐乐龙,,11220145,熊熊,,4岁 5岁 6岁 7岁 8岁 9岁 10岁 11岁 12岁 13岁 14岁 14岁以上,Teddy Bear/泰迪熊,公仔,灰色美国巨熊 浅棕色美国巨熊 深棕色美国巨熊 紫色美国巨熊 蓝色美国巨熊 米白色美国巨熊 粉色美国巨熊,国产,毛绒,PP棉,全长量1米(袋装) 全长量1米(纸箱装) 全长量1.3米(纸箱装) 全长量1.3米(袋装) 全长量1.6米(纸箱装) 全长量1.6米(袋装) 全长量2米(纸箱装) 全长量2米(袋装） 全长量3.2米(袋装) 全长量2.6米(纸箱装） 全长量2.6米(袋装）,有,单熊,,,,,,http://detail.tmall.com/item.htm?id=531348664906&ns=1&abbucket=0,http://s.taobao.com/search?q=娃娃&ie=utf8&cps=yes&app=vproduct&cd=false&v=auction&tab=all&vlist=1&bcoffset=1&s=0,2018-01-12 09:46:32
泰迪熊毛绒玩具熊大熊抱抱熊2米女布娃娃生日礼物送女友熊猫公仔,68.00,7783人付款,优美尚旗舰店,江苏 扬州,umesong/优美尚,,2222hju,熊熊,,4岁 5岁 6岁 7岁 8岁 9岁 10岁 11岁 12岁 13岁 14岁 14岁以上,抱抱熊,公仔,红开心每一天 紫开心每一天 红爱的就是你 紫爱的就是你 红生日快乐 紫生日快乐 深棕爱的就是你 红抱心定制,原装正版,毛绒,PP棉,全长量1.8米【送小熊+玫瑰+箱装 全长量80厘米彩袋 全长量1.2米【送玫瑰+彩袋 全长量1.6米【送小熊+玫瑰+彩袋 全长量2米【送小熊+玫瑰+彩袋 全长量80厘米箱装 全长量1.4米【送小熊+玫瑰+箱装 全长量1米彩袋 全长量1.4米【送小熊+玫瑰+彩袋 全长量1.8米【送小熊+玫瑰+彩袋 全长量1米箱装 全长量1.2米【送玫瑰+箱装 全长量1.6米【送小熊+玫瑰+箱装 全长量2米【送小熊+玫瑰+箱装,,,,,,,,http://detail.tmall.com/item.htm?id=556553768338&ns=1&abbucket=0,http://s.taobao.com/search?q=娃娃&ie=utf8&cps=yes&app=vproduct&cd=false&v=auction&tab=all&vlist=1&bcoffset=1&s=0,2018-01-12 09:46:32
狗年吉祥物毛绒玩具公仔玩偶布娃娃抱枕旺财元旦礼物定制年会礼品,5.80,2513人付款,小棕熊旗舰店,江苏 扬州,小棕熊,,2017091704,狗狗,其他,3岁 4岁 5岁 6岁 7岁 8岁 9岁 10岁 11岁 12岁 13岁 14岁 14岁以上,其他,公仔,唐装狗 情侣款男 情侣款女 招财狗 福字狗（东） 唐装可爱款 招财进宝 福字狗（塞） 旺财狗红（毛） 旺财狗黄（毛） 旺财狗灰（毛） 旺财狗棕色（毛） 穿衣白坐款 穿衣浅棕坐款 穿衣深棕坐款 钱袋款 红福狗,国产,毛绒,PP棉,25厘米 23厘米 20厘米 30厘米 40厘米 50厘米 35厘米 15厘米 28厘米 33厘米 75厘米 60厘米,无,,,,,,,http://detail.tmall.com/item.htm?id=558878075919&ns=1&abbucket=0,http://s.taobao.com/search?q=娃娃&ie=utf8&cps=yes&app=vproduct&cd=false&v=auction&tab=all&vlist=1&bcoffset=1&s=0,2018-01-12 09:46:32
9D眨眼音乐版芭比娃娃套装大礼盒女孩公主玩具婚纱洋娃娃别墅城堡,55.00,18285人付款,t_1498898696111_0356,广东 广州,BARBIE/芭比,,60cm-80cm,,,3岁 4岁 5岁 6岁 7岁 8岁 9岁 10岁 11岁 12岁 13岁 14岁 14岁以上,,普通娃娃,60厘米礼盒A1款（3个公主） 60厘米礼盒A2款（3个公主） 60厘米礼盒A3款（3个公主） 60厘米礼盒B1款（6个公主） 60厘米礼盒B2款（6个公主） 60厘米礼盒B3款（6个公主） 60厘米礼盒B4款（6个公主） 60厘米礼盒B5款（6个公主） 60厘米礼盒B6款（6个公主） 60厘米礼盒B7款（6个公主） 60厘米礼盒B8款（6个公主） 60厘米礼盒C1款（9个公主） 80厘米礼盒D1款（6个公主） 80厘米礼盒D2款（6个公主） 80厘米礼盒E1款（8个公主） 80厘米礼盒E2款（8个公主） 80厘米礼盒S1款（11个公主）,,塑料,,眨眼+音乐版12关节送238赠品,,,04063,娃娃,&lt;14岁,日本,梦幻类,http://item.taobao.com/item.htm?id=561940721403&ns=1&abbucket=0#detail,http://s.taobao.com/search?q=娃娃&ie=utf8&cps=yes&app=vproduct&cd=false&v=auction&tab=all&vlist=1&bcoffset=1&s=0,2018-01-12 09:46:33
狗年吉祥物公仔生肖小狗毛绒玩具大玩偶布娃娃定制LOGO圣诞节礼品,19.80,4166人付款,声乐玩具旗舰店,江苏 扬州,声乐,,FD202098,狗狗,其他,3岁 4岁 5岁 6岁 7岁 8岁 9岁 10岁 11岁 12岁 13岁 14岁 14岁以上,其他,公仔,彩色丝绸款 红色丝绸款 棕色水晶超柔款 大红水晶超柔款 彩色丝绸（圣诞款） 红色丝绸（圣诞款） 棕色水晶超柔（圣诞款） 大红水晶超柔（圣诞款） 全家福A（常规组合） 全家福B（圣诞组合） 巨无霸（彩色丝绸） 巨无霸（红色丝绸） 活动款（随机发）,原装正版,毛绒,PP棉,20厘米 30厘米 40厘米 60厘米 1米 1.5米 1.5米,有,,,,,,,http://detail.tmall.com/item.htm?id=561922673062&ns=1&abbucket=0,http://s.taobao.com/search?q=娃娃&ie=utf8&cps=yes&app=vproduct&cd=false&v=auction&tab=all&vlist=1&bcoffset=1&s=0,2018-01-12 09:46:33
泰迪熊公仔毛绒玩具抱抱熊送女友布娃娃抱枕玩偶可爱睡觉女孩熊猫,45.00,30545人付款,七彩熊玩具专营店,江苏 扬州,柒彩熊,,taidixiong001,熊熊,,3岁 4岁 5岁 6岁 7岁 8岁 9岁 10岁 11岁 12岁 13岁 14岁 14岁以上,ted,公仔,大红毛衣绣LOVE 暗紫条纹毛衣 大红条纹毛衣 蓝白条纹毛衣 酒红毛衣 蓝色毛衣 浅棕蓝条纹 浅棕美国旗 浅棕星条旗 浅棕黄条纹 灰色开心每一天 灰色黄条纹 灰色星条旗 灰色美国旗 白色黄条纹 白色蓝条纹 白色开心每一天 深棕星条旗 深棕蓝条纹 深棕黄条纹 深棕开心每一天,国产,毛绒,PP棉,2.2米(巨熊) 1米(小号) 1.2米（完美比例） 1.4米（完美比例） 1.6米(火爆促销，数量有限) 1.8米(女神喜爱) 2米(可爱大号),无,,,,,,,http://detail.tmall.com/item.htm?id=546843386275&ns=1&abbucket=0,http://s.taobao.com/search?q=娃娃&ie=utf8&cps=yes&app=vproduct&cd=false&v=auction&tab=all&vlist=1&bcoffset=1&s=0,2018-01-12 09:46:34
公仔熊猫抱抱熊抱枕泰迪熊布娃娃毛绒玩具熊送女友礼物超萌女玩偶,45.00,28314人付款,西西宝贝0531,江苏 扬州,,,,,,3岁 4岁 5岁 6岁 7岁 8岁 9岁 10岁 12岁 13岁 14岁 14岁以上,其他,公仔,米白色瞌睡熊 深棕色瞌睡熊 浅棕色瞌睡熊 紫色瞌睡熊 天蓝色瞌睡熊 粉红色瞌睡熊 米白色泰迪熊 深棕色泰迪熊 浅棕色泰迪熊 紫色泰迪熊 天蓝色泰迪熊 粉红色泰迪熊,国产,毛绒,PP棉,1.2米 1.6米（亏本促销） 1.8米（热销款）送玫瑰花 2米送玫瑰花 2.2米（大号）送玫瑰花 2.5米（超大号）送玫瑰花,,,,,,,,http://item.taobao.com/item.htm?id=524830810229&ns=1&abbucket=0#detail,http://s.taobao.com/search?q=娃娃&ie=utf8&cps=yes&app=vproduct&cd=false&v=auction&tab=all&vlist=1&bcoffset=1&s=0,2018-01-12 09:46:34
泰迪熊公仔抱抱熊大熊毛绒玩具1.8米送女友娃娃女生日礼物大熊猫,98.00,4093人付款,诺森德富佰专卖店,江苏 扬州,诺森德,,FB-TDX-003,熊熊,,7岁 8岁 9岁 10岁 11岁 12岁 13岁 14岁 14岁以上,Teddy Bear/泰迪熊,公仔,浅棕色【love心】 深棕色【love心】,国产,毛绒,PP棉,80厘米 1米 1.2米 1.4米 1.6米 1.8米 2米,,单熊,,,,,,http://detail.tmall.com/item.htm?id=556670501954&ns=1&abbucket=0,http://s.taobao.com/search?q=娃娃&ie=utf8&cps=yes&app=vproduct&cd=false&v=auction&tab=all&vlist=1&bcoffset=1&s=132,2018-01-12 09:46:35
泰迪熊猫公仔抱抱熊女生布娃娃大号玩偶毛绒玩具熊送女友生日礼物,68.00,4600人付款,彼爱诗旗舰店,江苏 扬州,彼爱诗,,01,熊熊,,3岁 4岁 5岁 6岁 7岁 8岁 9岁 10岁 11岁 12岁 13岁 14岁 14岁以上,抱抱熊,公仔,棕.爱心熊 粉.爱心熊 白.爱心熊 粉.爱心熊定制 白.爱心熊定制 棕.爱心熊定制,原装正版,毛绒,PP棉,全长80厘米箱装 全长1米箱装 全长1.2米【送小熊+玫瑰+箱装 全长1.4米【送小熊+玫瑰+箱装 全长1.6米【送小熊+玫瑰+箱装 全长1.8米【送小熊+玫瑰+箱装 全长2米【送小熊+玫瑰+箱装 直角量1米全长80厘米彩袋 直角量1.2米全长1米彩袋 直角量1.4米全长1.2米【新品体验价每天10只】 直角量1.6米全长1.4米【送小熊+玫瑰+彩袋 直角量1.8米全长1.6米【送小熊+玫瑰+彩袋 直角量2米全长1.8米【送小熊+玫瑰+彩袋 直角量2.2米全长2米【送小熊+玫瑰+彩袋,,,,,,,,http://detail.tmall.com/item.htm?id=545953867470&ns=1&abbucket=0,http://s.taobao.com/search?q=娃娃&ie=utf8&cps=yes&app=vproduct&cd=false&v=auction&tab=all&vlist=1&bcoffset=1&s=132,2018-01-12 09:46:36
2018狗年吉祥公仔物 批发 旺财狗狗玩偶狗毛绒玩具新年娃娃礼物,19.90,1380人付款,波波娃玩具旗舰店,浙江 金华,波波娃,,福财狗,狗狗,其他,3岁 4岁 5岁 6岁 7岁 8岁 9岁 10岁 11岁 12岁 13岁 14岁 14岁以上,其他,公仔,花色 红色 粉色 棕色 灰色 花色一套 红色一套 粉色一套 棕色一套 灰色一套 五色组合套,国产,毛绒,PP棉,3号：20厘米 2号：28厘米 1号：43厘米 大中小一套,无,,,,,,,http://detail.tmall.com/item.htm?id=559229779182&ns=1&abbucket=0,http://s.taobao.com/search?q=娃娃&ie=utf8&cps=yes&app=vproduct&cd=false&v=auction&tab=all&vlist=1&bcoffset=1&s=132,2018-01-12 09:46:36
狗年吉祥物仿真泰迪狗毛绒玩具公仔小狗狗布娃娃玩偶儿童定制LOGO,18.50,6271人付款,通趣母婴专营店,上海,婴歌,,穿衣海藻绒狗狗公仔,狗狗,,4岁 5岁 6岁 7岁 8岁 9岁 10岁 11岁 12岁 13岁 14岁 14岁以上,,公仔,天蓝色 浅绿色 桔色 深蓝色 玫红色 枣红色 黄色 咖啡色 深红色 全家福9只 颜色混发单只价格,国产,毛绒,PP棉,25厘米大号（推荐购买） 20厘米,无,,,,,,,http://detail.tmall.com/item.htm?id=559948979777&ns=1&abbucket=0,http://s.taobao.com/search?q=娃娃&ie=utf8&cps=yes&app=vproduct&cd=false&v=auction&tab=all&vlist=1&bcoffset=1&s=132,2018-01-12 09:46:37
毛绒玩具泰迪熊猫公仔布娃娃玩偶大熊熊猫生日礼物送女友抱抱熊女,108.00,4592人付款,优美尚川跃专卖店,江苏 扬州,umesong/优美尚,,0003,熊熊,,3岁 4岁 5岁 6岁 7岁 8岁 9岁 10岁 11岁 12岁 13岁 14岁 14岁以上,抱抱熊,公仔,深棕蓝条毛衣 浅棕蓝条毛衣 深棕红条毛衣 浅棕红条毛衣 深棕白条毛衣 浅棕白条毛衣 浅棕土豪定制 深棕土豪定制,原装正版,毛绒,PP棉,直角量2.2米.全长量2米【送小熊+玫瑰 直角量1米.全长量80厘米 直角量1.2米.全长量1米 直角量1.4米.全长量1.2米【送玫瑰 直角量1.6米.全长量1.4米【送小熊+玫瑰 直角量1.8米.全长量1.6米【送小熊+玫瑰 直角量2米.全长量1.8米【送小熊+玫瑰 全长量1.2米【送玫瑰+箱装】 全长量1.4米【送小熊+玫瑰+箱装】 全长量1.6米【送小熊+玫瑰+箱装】 全长量1.8米【送小熊+玫瑰+箱装】 全长量2米【送小熊+玫瑰+箱装】,,,,,,,,http://detail.tmall.com/item.htm?id=540060825650&ns=1&abbucket=0,http://s.taobao.com/search?q=娃娃&ie=utf8&cps=yes&app=vproduct&cd=false&v=auction&tab=all&vlist=1&bcoffset=1&s=132,2018-01-12 09:46:37
可妮兔布朗熊公仔大号毛绒玩具女生抱抱熊娃娃抱枕韩国生日礼物,26.00,13831人付款,诺一玩具,江苏 扬州,other/其他,NY,00188,熊熊,,2岁 3岁 4岁 5岁 6岁 7岁 8岁 9岁 10岁 11岁 12岁 13岁 14岁 14岁以上,其他,公仔,布朗熊【穿红色爱心毛衣】 布朗熊【穿蓝黄条纹毛衣】 布朗熊【穿浅棕条纹毛衣】 布朗熊【穿英伦风毛衣】 布朗熊【穿粉紫条纹毛衣】 布朗熊【穿红白条纹毛衣】 布朗熊【穿红黄条纹毛衣】 布朗熊【穿灰色小花毛衣】 布朗熊【穿棕黄条纹毛衣】 布朗熊【穿纯灰色毛衣】 布朗熊【穿浅棕纯色毛衣】 布朗熊【穿蓝白条纹毛衣】 可妮兔【穿红色爱心毛衣】 可妮兔【穿蓝黄条纹毛衣】 可妮兔【穿浅棕条纹毛衣】 可妮兔【穿英伦风毛衣】 可妮兔【穿粉紫条纹毛衣】 可妮兔【穿红白条纹毛衣】 可妮兔【穿红黄条纹毛衣】 可妮兔【穿灰色小花毛衣】 可妮兔【穿棕黄条纹毛衣】 可妮兔【穿纯灰色毛衣】 可妮兔【穿浅棕纯色毛衣】 可妮兔【穿蓝白条纹毛衣】 乳白色 咖啡色,国产,毛绒,PP棉,50厘米（收藏送布朗熊钥匙扣） 70厘米（收藏送布朗熊钥匙扣） 90厘米（收藏送布朗熊钥匙扣） 1米（收藏送布朗熊钥匙扣） 1.2米（收藏送布朗熊钥匙扣）,有,,,,,,,http://item.taobao.com/item.htm?id=559499124784&ns=1&abbucket=0#detail,http://s.taobao.com/search?q=娃娃&ie=utf8&cps=yes&app=vproduct&cd=false&v=auction&tab=all&vlist=1&bcoffset=1&s=132,2018-01-12 09:46:37
仓鼠公仔玩偶暖手抱枕捂手枕被子两用空调毯毛绒玩具生日礼物女生,35.00,15833人付款,乐兔玩具专营店,江苏 扬州,秀园,仓鼠,488,鼠鼠,,3岁 4岁 5岁 6岁 7岁 8岁 9岁 10岁 11岁 12岁 13岁 14岁 14岁以上,其他,公仔,灰色不可插手 粉色不可插手 蓝色不可插手 黄色不可插手 浅棕色不可插手 深棕色不可插手 浅棕色（老婆） 灰色（老公） 蓝色抱草莓 浅棕色抱瓜子 灰色抱松子 粉色抱蛋糕 灰色（宝贝） 升级款-灰色（可插手） 升级款灰色抱瓜子（可插手） 升级款-粉色（可插手） 升级款粉色抱草莓（可插手） 升级款-浅棕色（可插手） 升级款-米黄色（可插手） 升级款-蓝色（可插手） 升级款-深棕色（可插手） 升级款灰色定制爱心（可插手）,原装正版,毛绒,PP棉,抱枕尺寸45×30厘米 毯子尺寸1×1.7米,无,,,,,,,http://detail.tmall.com/item.htm?id=528691068513&ns=1&abbucket=0,http://s.taobao.com/search?q=娃娃&ie=utf8&cps=yes&app=vproduct&cd=false&v=auction&tab=all&vlist=1&bcoffset=1&s=132,2018-01-12 09:46:38
正版小猪佩奇毛绒玩具公仔抱枕小猪佩琪布娃娃儿童节礼物家庭套装,19.00,5555人付款,快乐工作生活,浙江 金华,小猪佩奇,,XZPQ,猪猪,,3岁 4岁 5岁 6岁 7岁 8岁 9岁 10岁 11岁 12岁 13岁 14岁 14岁以上,其他,公仔,小号一家四口送大礼包 【推荐凑单】小号四口礼盒装 大号一家四口送大礼包 【推荐凑单】大号四口礼盒装 30cm一家四口送大礼包 46cm一家四口送大礼包 【推荐凑单】小号一家六口 【推荐凑单】大号一家六口 佩奇的八个朋友一套 30cm一家六口送大礼包 佩奇饼干抱枕 【推荐凑单】佩奇零钱包 【推荐凑单】乔治零钱包 大号一家四口（新年礼盒装） 小号一家四口（新年礼盒装） 【推荐凑单】恐龙19cm 【推荐凑单】小熊19cm 乔治19cm 佩奇19cm 乔治30cm 佩奇30cm 乔治46cm 佩奇46cm 【推荐凑单】30cm恐龙,原装正版,毛绒,PP棉,正版授权 镭射防伪,有,,,,,,,http://item.taobao.com/item.htm?id=538018549510&ns=1&abbucket=0#detail,http://s.taobao.com/search?q=娃娃&ie=utf8&cps=yes&app=vproduct&cd=false&v=auction&tab=all&vlist=1&bcoffset=1&s=132,2018-01-12 09:46:38
仿真哈士奇公仔毛绒玩具狗狗 趴趴狗二哈玩偶小号娃娃狗年吉祥物,20.50,9579人付款,蜗蜗城玩具专营店,江苏 扬州,蜗蜗城,,wwchsq0069,狗狗,哈士奇,3岁 4岁 5岁 6岁 7岁 8岁 9岁 10岁 11岁 12岁 13岁 14岁 14岁以上,其他,公仔,如图Q哈士奇 蓝色围巾Q哈士奇 红色围巾Q哈士奇,国产,毛绒,PP棉,20厘米小号（收藏送小本子运费险） 24厘米-中号（收藏送小本子运费险） 30厘米大号（收藏送小本子运费险） 一套3只（小号+中号+大号）（收藏送小本子运费险）,,,,,,,,http://detail.tmall.com/item.htm?id=22452019698&ns=1&abbucket=0,http://s.taobao.com/search?q=娃娃&ie=utf8&cps=yes&app=vproduct&cd=false&v=auction&tab=all&vlist=1&bcoffset=1&s=132,2018-01-12 09:46:38
韩国布朗熊公仔可妮兔超大号毛绒玩具玩偶生日女生抱枕圣诞节礼物,35.00,4416人付款,尚华文,江苏 扬州,兔耳朵,,2154,熊熊,,2岁 3岁 4岁 5岁 6岁 7岁 8岁 9岁 10岁 11岁 12岁 13岁 14岁 14岁以上,抱抱熊,公仔,布朗熊（裸熊） 可妮兔（裸熊） 布朗熊（红围巾 布朗熊（蓝围巾 布朗熊（红白毛衣 布朗熊（蓝白毛衣 布朗熊（爱心毛衣 布朗熊（毛衣连帽款） 布朗熊（毛衣背带款） 可妮兔（毛衣连帽款） 可妮兔（毛衣背带款） 布朗熊（五角星款,国产,毛绒,PP棉,35厘米（礼盒装+外纸箱） 50厘米（礼盒装+外纸箱） 70厘米（礼盒装+外纸箱） 80厘米（礼盒装+外纸箱） 80CM（袋装送小黄鸡） 1米（礼盒装+外纸箱） 1米（袋装送35CM布朗熊） 1.2米（送35CM布朗熊） 1.6米（送35CM布朗熊） 1.8米（送50CM布朗熊） 2米（送50CM布朗熊）,,,,,,,,http://item.taobao.com/item.htm?id=554770886022&ns=1&abbucket=0#detail,http://s.taobao.com/search?q=娃娃&ie=utf8&cps=yes&app=vproduct&cd=false&v=auction&tab=all&vlist=1&bcoffset=1&s=132,2018-01-12 09:46:39
趴趴狗毛绒玩具狗抱着睡觉抱枕公仔熊布娃娃可爱女孩韩国萌送女友,78.00,6794人付款,卡洛布布旗舰店,河北 保定,卡洛布布,,61619,狗狗,其他,3岁 4岁 5岁 6岁 7岁 8岁 9岁 10岁 11岁 12岁 13岁 14岁 14岁以上,其他,公仔,趴狗-棕色 趴狗-白色 粉色条纹衣服+棕色狗 海军蓝条纹衣服+白色狗 海军蓝条纹衣服+棕色狗 粉色条纹衣服+白色狗,国产,毛绒,PP棉,1.2米【迅速发货.纯亏促销 不做任何加长改版 】 80厘米【收藏宝贝.送35cm泰迪熊】 1米【收藏宝贝.送同款不穿衣60cm趴趴狗颜色随机】 60厘米【收藏宝贝.送35cm泰迪熊】 1.2米【收藏宝贝.送同款不穿衣60cm趴趴狗颜色随机 1.4米【收藏宝贝.送同款不穿衣60cm趴趴狗颜色随机】,无,,,,,,,http://detail.tmall.com/item.htm?id=539604799909&ns=1&abbucket=0,http://s.taobao.com/search?q=娃娃&ie=utf8&cps=yes&app=vproduct&cd=false&v=auction&tab=all&vlist=1&bcoffset=1&s=132,2018-01-12 09:46:39
婚庆毛绒玩具公仔结婚礼品抓机娃娃小玩偶布毛绒生日抛洒礼物批发,0.68,3771人付款,酷狼奇玩具,江苏 扬州,,,0001,公仔,,2岁 3岁 4岁 14岁以上,其他,公仔,随机发货,国产,毛绒,PP棉,40-50厘米（婚礼活动专用） 10厘米以下（小挂件质量一般） 50-70厘米（婚礼游戏奖品） 1米左右（精品压轴娃娃） 10-16厘米（精品小挂件） 20-30厘米（婚庆精品礼物） 20厘米左右（抓机质量一般） 10-15厘米（婚庆抛洒） 30-35厘米（婚庆礼物） 20厘米左右（优质公仔）,,,,,,,,http://item.taobao.com/item.htm?id=37088343925&ns=1&abbucket=0#detail,http://s.taobao.com/search?q=娃娃&ie=utf8&cps=yes&app=vproduct&cd=false&v=auction&tab=all&vlist=1&bcoffset=1&s=132,2018-01-12 09:46:40
正版小猪佩奇毛绒玩具乔治恐龙公仔家庭套装小猪佩琪玩偶新年礼物,31.00,5623人付款,毛绒玩具天天促销,浙江 金华,小猪佩奇,,8986562111,猪猪,,2岁 3岁 4岁 5岁 6岁 7岁 8岁 9岁,其他,公仔,小号一家四口盒装（秒杀价68元） 大号一家四口盒装（秒杀118元） 一家六口套装（推荐）128元 一家四口超级大号（推荐）198元 大号一家六口（推荐）220元 六只小伙伴盒装（推荐）99元 30CM四口套装（推荐）89元 30CM乔治佩奇一对（秒杀56元） 小号四口新年礼盒装99元 一家四口+1个粉包 仅74元 一家四口+1个蓝包 仅74元 一家四口+1个恐龙 仅74元 一家四口+1个小熊 仅74元 一家四口+恐龙+小熊 一家四口+恐龙+蓝包 一家四口+小熊+粉包 大号四口+粉包 仅120元 大号四口+蓝包仅120元 大号四口+恐龙仅120元 大号四口新年盒装138元 大号四口+恐龙+小熊 大号四口+小熊+粉包 大号四口+恐龙+蓝包 46CM恐龙玩具,原装正版,毛绒,PP棉,小猪佩琪玩具 正版保障 带防伪,,,,,,,,http://item.taobao.com/item.htm?id=530626842983&ns=1&abbucket=0#detail,http://s.taobao.com/search?q=娃娃&ie=utf8&cps=yes&app=vproduct&cd=false&v=auction&tab=all&vlist=1&bcoffset=1&s=132,2018-01-12 09:46:40
LIVHEART北极熊毛绒玩具娃娃公仔暖手抱枕玩偶女生生日礼物捂手枕,168.00,2274人付款,livheart旗舰店,江苏 南京,LIV HEART/丽芙之心,,28976,熊熊,,5岁 6岁 7岁 8岁 9岁 10岁 11岁 12岁 13岁 14岁 14岁以上,趴趴熊,靠垫/抱枕,常规款象牙白 常规款咖啡棕 北极熊围巾款弹力暖手抱枕 冰丝款象牙白,原装正版,毛绒,,单只L号（長76*寬32*高20cm） L号多功能北极熊手暖抱枕 单只M号（長53*寬23*高14cm） 单只XL号（長110*寬40*高30cm）,,,,,,,,http://detail.tmall.com/item.htm?id=523169194748&ns=1&abbucket=0,http://s.taobao.com/search?q=娃娃&ie=utf8&cps=yes&app=vproduct&cd=false&v=auction&tab=all&vlist=1&bcoffset=1&s=132,2018-01-12 09:46:41
发光毛绒玩具泰迪熊公仔熊猫抱抱熊布娃娃大狗熊女生日礼物送女友,65.80,4728人付款,高红霞0280,浙江 杭州,森妮宝贝,,yh2770-1,熊熊,,14岁以上,抱抱熊,公仔,就是爱你 幸福的牵挂 开心每一天 生日快乐 送给最爱的人 送给最幸福的人 （粉色）给最开心的人 新款生日快乐 特别的爱送给特别的你 给最开心的人 爱你1314 （粉色）爱你1314,国产,毛绒,PP棉,1米发光熊 1.3米发光熊 1.6米发光熊 1米发光+插入手机播放音乐 1.3米发光+插入手机播放音 1.6米发光+插入手机播放音 1米发光+无线蓝牙播放音乐 1.3米发光+无线蓝牙播放音乐 1.6米发光+无线蓝牙播放音乐,有,,,,,,,http://item.taobao.com/item.htm?id=528457224915&ns=1&abbucket=0#detail,http://s.taobao.com/search?q=娃娃&ie=utf8&cps=yes&app=vproduct&cd=false&v=auction&tab=all&vlist=1&bcoffset=1&s=132,2018-01-12 09:46:42
哈士奇公仔娃娃可爱熊毛绒玩具睡觉抱枕玩偶送女友狗年吉祥物女孩,45.00,11047人付款,麦童阁玩具专营店,江苏 扬州,伊菲迪诺,哈士奇,201709020,狗狗,哈士奇,3岁 4岁 5岁 6岁 7岁 8岁 9岁 10岁 11岁 12岁 13岁 14岁 14岁以上,其他,靠垫/抱枕,灰色 黄色,原装正版,毛绒,PP棉,【活动抢购价】1.3米【连尾巴量】 【朋友送礼】1米【连尾巴量】送30厘米毛绒玩具 【拍下9折】1米【连尾巴量】送50cm小哈士奇 【拍下9折】1.2米【连尾巴量】送50cm小哈士奇 【拍下9折】1.5米【连尾巴量】送50cm小哈士奇 【拍下9折】1.7米【连尾巴量】送50cm小哈士奇 【拍下9折】2米【连尾巴量】送50cm小哈士奇 【活动促销价】1.2米连尾巴量 其它大小,有,,,,,,,http://detail.tmall.com/item.htm?id=559014643663&ns=1&abbucket=0,http://s.taobao.com/search?q=娃娃&ie=utf8&cps=yes&app=vproduct&cd=false&v=auction&tab=all&vlist=1&bcoffset=1&s=132,2018-01-12 09:46:43
大熊毛绒玩具送女友布娃娃抱抱泰迪熊猫公仔玩偶抱枕女生生日礼物,78.00,2843人付款,浪漫曼巴旗舰店,江苏 扬州,浪漫曼巴,,曼巴-暖心熊,熊熊,,3岁 4岁 5岁 6岁 7岁 8岁 9岁 10岁 11岁 12岁 13岁 14岁 14岁以上,Teddy Bear/泰迪熊,公仔,想念熊白色 想念熊浅棕色 想念熊深棕色 童话熊紫色 童话熊红色 童话熊粉色 暖心熊橙色 暖心熊粉色 暖心熊紫色,国产,毛绒,PP棉,1.2米（特价每天限10只）） 80厘米(袋装+玫瑰) 1米(袋装+玫瑰) 1.2米(袋装+玫瑰) 1.4米(袋装+玫瑰) 1.6米(袋装+玫瑰) 1.8米(袋装+玫瑰) 2米(6朵玫瑰+懒人支架) 80厘米(箱装+玫瑰) 2.6米(12朵玫瑰+懒人支架) 1米(箱装+玫瑰) 1.2米(箱装+玫瑰) 1.4米(箱装+玫瑰) 1.6米(箱装+玫瑰) 1.8米(箱装+玫瑰),无,单熊,,,,,,http://detail.tmall.com/item.htm?id=560552161505&ns=1&abbucket=0,http://s.taobao.com/search?q=娃娃&ie=utf8&cps=yes&app=vproduct&cd=false&v=auction&tab=all&vlist=1&bcoffset=1&s=132,2018-01-12 09:46:43
韩国布朗熊公仔可妮兔抱枕毛绒玩具大号抱抱熊布娃娃玩偶女生礼物,39.80,9121人付款,任天昊92955,北京,other/其他,222555555,00211,熊熊,,2岁 3岁 4岁 5岁 6岁 7岁 8岁 9岁 10岁 11岁 12岁 13岁 14岁 14岁以上,乞丐熊,公仔,布朗熊(送可妮兔） 可尼兔（送布朗熊）,国产,毛绒,PP棉,50厘米（送35厘米） 75厘米（送35厘米） 95厘米（送35厘米） 1.2米（送50厘米）,无,,,,,,,http://item.taobao.com/item.htm?id=561305631434&ns=1&abbucket=0#detail,http://s.taobao.com/search?q=娃娃&ie=utf8&cps=yes&app=vproduct&cd=false&v=auction&tab=all&vlist=1&bcoffset=1&s=132,2018-01-12 09:46:44
正版达浪粉红豹毛绒玩具顽皮豹公仔娃娃生日情人节新年礼物送女生,48.00,8325人付款,波仔玩具旗舰店,浙江 金华,Bozai Toys/波仔,,粉红豹公仔,狐狸/豹,,3岁 4岁 5岁 6岁 7岁 8岁 9岁 10岁 11岁 12岁 13岁 14岁 14岁以上,其他,公仔,正版粉红豹公仔粉色（带防伪吊牌）,原装正版,毛绒,PP棉,约55厘米含脚（收藏宝贝送发带） 约80厘米含脚（收藏宝贝送发带）-推荐 约1.1米含脚（收藏宝贝送发带）-推荐 约1.3米含脚（收藏宝贝送发带+20CM随机公仔）-推荐 约1.5米含脚（收藏宝贝送发带+20CM随机公仔）-推荐 大号约1.8米含脚（收藏宝贝送发带+20CM随机公仔）-推荐,,,,,,,,http://detail.tmall.com/item.htm?id=562225490415&ns=1&abbucket=0,http://s.taobao.com/search?q=娃娃&ie=utf8&cps=yes&app=vproduct&cd=false&v=auction&tab=all&vlist=1&bcoffset=1&s=132,2018-01-12 09:46:45
毛绒玩具玩偶结婚礼物婚礼庆抛洒布娃娃公仔小狗抓娃娃机娃娃批发,3.80,15133人付款,kiggeee,浙江 金华,伊美娃娃,,S02,公仔,,3岁 4岁 5岁 6岁 7岁 8岁 9岁 10岁 11岁 12岁 13岁 14岁 14岁以上,其他,公仔,情侣熊 表情猫咪 帽子狗 约会熊 长耳狗 【让老板搭配发货】 澳洲袋鼠 两色海豚 鸭梨 螃蟹 38厘米表情 黑白熊猫 松鼠 河马头 表情 春天兔 love小熊 四色田鼠 博士熊 泰国象 小白狗 条纹熊猫 花朵熊 蜗牛 乳白色 白色 米白色 浅灰色 深灰色 灰色 银色 黑色 桔红色 玫红色 粉红色 红色 藕色 西瓜红 酒红色 卡其色 姜黄色 明黄色 杏色 柠檬黄 桔色 浅黄色 荧光黄 金色 香槟色 黄色 军绿色 墨绿色 浅绿色 绿色 翠绿色 荧光绿 青色 天蓝色 孔雀蓝 宝蓝色 浅蓝色 深蓝色 湖蓝色 蓝色 藏青色 浅紫色 深紫色 紫红色 紫罗兰 紫色 咖啡色 巧克力色 栗色 浅棕色 深卡其布色 深棕色 褐色 驼色 花色 其他颜色,国产,毛绒,PP棉,单个价格颜色随机,无,,,,,,,http://item.taobao.com/item.htm?id=521755300755&ns=1&abbucket=0#detail,http://s.taobao.com/search?q=娃娃&ie=utf8&cps=yes&app=vproduct&cd=false&v=auction&tab=all&vlist=1&bcoffset=1&s=132,2018-01-12 09:46:45
毛绒玩具猫咪可爱超萌布偶娃娃公仔睡觉大抱枕小玩偶生日礼物女孩,39.00,6124人付款,卡沙巴王子创大专卖店,广东 深圳,卡沙巴王子,xqm01,猫咪,猫咪,,4岁 5岁 6岁 7岁 8岁 9岁 10岁 11岁 12岁 13岁 14岁 14岁以上,其他,公仔,可爱款 害羞款 大笑款 微笑款 俏皮款 可爱款(黄色) 害羞款(黄色) 俏皮款(黄色),原装正版,毛绒,PP棉,坐高 40厘米 (全长55厘米) 坐高 50厘米 (全长70厘米) 坐高 60厘米 (全长80厘米) 特大号一坐高 70厘米 (全长1.1米)热卖 坐高 1米 (全长1.6米)送人有面子,无,,,,,,,http://detail.tmall.com/item.htm?id=534360010152&ns=1&abbucket=0,http://s.taobao.com/search?q=娃娃&ie=utf8&cps=yes&app=vproduct&cd=false&v=auction&tab=all&vlist=1&bcoffset=1&s=132,2018-01-12 09:46:46
小猪佩奇玩具毛绒公仔男孩玩偶女孩亲子儿童佩琪猪婴儿宝宝娃娃,115.00,5364人付款,小猪佩奇旗舰店,福建 厦门,小猪佩奇,,HWPP043,猪猪,,3岁 4岁 5岁 6岁 7岁 8岁 9岁 10岁 11岁 12岁 13岁 14岁 14岁以上,其他,公仔,小猪佩奇一家 新年款小猪佩奇一家,原装正版,毛绒,PP棉,19厘米-30厘米,无,,,,,,,http://detail.tmall.com/item.htm?id=531930044240&ns=1&abbucket=0,http://s.taobao.com/search?q=娃娃&ie=utf8&cps=yes&app=vproduct&cd=false&v=auction&tab=all&vlist=1&bcoffset=1&s=132,2018-01-12 09:46:46
大熊2米3超大号狗熊毛绒玩具送女友泰迪熊猫娃娃可爱公仔抱抱熊女,138.00,2574人付款,乐乐龙跃跃龙专卖店,浙江 杭州,乐乐龙,,A-8,熊熊,,3岁 4岁 5岁 6岁 7岁 8岁 9岁 10岁 11岁 12岁 13岁 14岁 14岁以上,Teddy Bear/泰迪熊,公仔,深棕色(女款萌萌熊) 米白色(女款萌萌熊) 浅棕色(女款萌萌熊) 粉红色(女款萌萌熊) 深棕色(男款萌萌熊) 米白色(男款萌萌熊) 浅棕色(男款萌萌熊) 粉红色(男款萌萌熊),原装正版,毛绒,PP棉,全长80厘米(袋装) 全长80厘米(箱装) 全长1米(袋装) 全长1米(箱装) 全长1.2米(袋装) 全长1.2米(箱装) 全长1.4米(袋装) 全长1.4米(箱装) 全长1.6米(袋装) 全长1.6米(箱装) 全长1.8米(袋装) 全长2米(袋装) 全长1.8米(箱装),无,情侣熊,,,,,,http://detail.tmall.com/item.htm?id=545631185830&ns=1&abbucket=0,http://s.taobao.com/search?q=娃娃&ie=utf8&cps=yes&app=vproduct&cd=false&v=auction&tab=all&vlist=1&bcoffset=1&s=132,2018-01-12 09:46:46
婚庆玩偶毛绒玩具结婚礼物套餐批发布娃娃机小公仔婚礼抛洒大礼包,188.00,1130人付款,河小豚旗舰店,山东 临沂,河小豚,,婚庆大礼包,公仔,,4岁 5岁 6岁 7岁 8岁 9岁 10岁 11岁 12岁 13岁 14岁 14岁以上,,公仔,具体详见详情描述,,毛绒,PP棉,788元娃娃套餐(送38厘米毛衣泰迪熊一个） 888元娃娃套餐(送38厘米毛衣泰迪熊一个） 988元娃娃套餐(送38厘米毛衣泰迪熊一个） 188元娃娃套餐 288元娃娃套餐 388元娃娃套餐(送38厘米毛衣泰迪熊一个） 588元娃娃套餐(送38厘米毛衣泰迪熊一个） 688元娃娃套餐(送38厘米毛衣泰迪熊一个）,,,,,,,,http://detail.tmall.com/item.htm?id=556736255756&ns=1&abbucket=0,http://s.taobao.com/search?q=娃娃&ie=utf8&cps=yes&app=vproduct&cd=false&v=auction&tab=all&vlist=1&bcoffset=1&s=132,2018-01-12 09:46:47
毛绒玩具狗趴趴狗哈士奇公仔狗狗抱枕超萌布娃娃玩偶可爱女生睡觉,78.00,5144人付款,惠峰旗舰店,江苏 扬州,惠峰,,HF-HSQ-01,狗狗,哈士奇,4岁 5岁 6岁 7岁 8岁 9岁 10岁 11岁 12岁 13岁 14岁 14岁以上,其他,公仔,哈士奇,原装正版,毛绒,PP棉,1.3米 [特价促销 收藏加购无赠品] 1米 [特价促销 收藏加购无赠品] 70厘米 [收藏加购送60厘米可爱兔+20厘米哈士奇] 1米[收藏加购送60厘米可爱兔+20厘米哈士奇] 1.3米 [收藏加购送60厘米可爱兔+20厘米哈士奇] 1.5米[收藏加购送60厘米可爱兔+20厘米哈士奇] 1.7米 [收藏加购送60厘米可爱兔+20厘米哈士奇] 1.9米[收藏加购送60厘米可爱兔+20厘米哈士奇],,,,,,,,http://detail.tmall.com/item.htm?id=540474815704&ns=1&abbucket=0,http://s.taobao.com/search?q=娃娃&ie=utf8&cps=yes&app=vproduct&cd=false&v=auction&tab=all&vlist=1&bcoffset=1&s=132,2018-01-12 09:46:47
正版泰迪熊毛绒玩具抱抱熊大号公仔大熊布娃娃玩偶生日礼物送女友,138.00,1696人付款,淘艾斯家居旗舰店,浙江 杭州,淘艾斯,lovex-003,lovex-003,熊熊,,4岁 10岁 14岁以上,Teddy Bear/泰迪熊,公仔,（love）巧克力色 （love）浅色卡其色 （love）棕色 （love）纯白色 （love）粉红色,国产,毛绒,PP棉,1米【优质毛绒】（送毛绒挂件+仿真玫瑰花） 1.2米【优质毛绒】（送毛绒挂件+仿真玫瑰花） 1.4米【优质毛绒】（送小熊公仔+仿真玫瑰花） 1.6米【优质毛绒】（送小熊公仔+仿真玫瑰花） 1.8米【优质毛绒】（送小熊公仔+仿真玫瑰花）,有,单熊,,,,,,http://detail.tmall.com/item.htm?id=546473391548&ns=1&abbucket=0,http://s.taobao.com/search?q=娃娃&ie=utf8&cps=yes&app=vproduct&cd=false&v=auction&tab=all&vlist=1&bcoffset=1&s=132,2018-01-12 09:46:48
2018年狗年吉祥物公仔唐装旺财小狗狗定制LOGO生肖狗毛绒玩具玩偶,9.90,4350人付款,乖乖猫旗舰店,山东 临沂,乖乖猫,,狗年吉祥物,狗狗,,2岁 3岁 4岁 5岁 6岁 7岁 8岁 9岁 10岁 11岁 12岁 13岁 14岁 14岁以上,,公仔,唐装狗20厘米 升官福狗23厘米 唐装泰迪狗25厘米 福包狗22cm 祥瑞狗20厘米 布艺狗狗22厘米 财神到23厘米 财运旺旺25厘米 梅花旺狗20厘米 福来狗20cm 卖家帮忙搭配款式 圆福狗狗20厘米 旗袍旺旺20厘米 布艺围巾狗22厘米 唐装旺狗20厘米 官福旺20厘米 唐装旺旺22厘米 吉祥如意狗20厘米 福旺红狗20厘米 喜庆圆旺狗20厘米 鸿福旺狗20厘米 鸿福狗20厘米 唐装福狗 20厘米 来福旺财狗20厘米,原装正版,毛绒,PP棉,（单个价格 颜色随机）,有,,,,,,,http://detail.tmall.com/item.htm?id=560280290415&ns=1&abbucket=0,http://s.taobao.com/search?q=娃娃&ie=utf8&cps=yes&app=vproduct&cd=false&v=auction&tab=all&vlist=1&bcoffset=1&s=132,2018-01-12 09:46:48
大熊毛绒玩具送女友抱抱枕泰迪熊猫公仔2米布娃娃女生生日礼物,68.00,3059人付款,浪漫曼巴旗舰店,江苏 扬州,浪漫曼巴,,曼巴-心动熊,熊熊,,4岁 5岁 6岁 7岁 8岁 9岁 10岁 11岁 12岁 13岁 14岁 14岁以上,Teddy Bear/泰迪熊,公仔,心动熊-橙色 心动熊-粉色 心动熊-紫色 Love熊-卡其色 Love熊-巧克力色 情侣熊-米白色 情侣熊-灰色 情侣熊-浅棕色,国产,毛绒,PP棉,80厘米（送玫瑰） 1米（送玫瑰） 1米（特价每天10只） 1.2米（送玫瑰） 1.4米（送玫瑰） 1.6米（送玫瑰） 1.8米（送玫瑰） 2米（超大款+小熊+3朵玫瑰） 2.6米（土豪款+小熊+9朵玫瑰） 80厘米（箱装+送玫瑰） 1米（箱装+送玫瑰） 1.2米（箱装+送玫瑰） 1.4米（箱装+送玫瑰） 1.6米（箱装+送玫瑰） 1.8米（箱装+送玫瑰）,无,单熊,,,,,,http://detail.tmall.com/item.htm?id=544649847754&ns=1&abbucket=0,http://s.taobao.com/search?q=娃娃&ie=utf8&cps=yes&app=vproduct&cd=false&v=auction&tab=all&vlist=1&bcoffset=1&s=132,2018-01-12 09:46:49
2018狗年吉祥物小狗毛绒玩具生肖狗狗公仔新年会礼物diy定制LOGO,16.90,1859人付款,陶陶妮旗舰店,江苏 扬州,陶陶妮,00111,年货狗,狗狗,其他,3岁 4岁 5岁 6岁 7岁 8岁 9岁 10岁 11岁 12岁 13岁 14岁 14岁以上,流浪狗,公仔,中国红-旺财一对 中国红-福 中国红-旺 中国红-财 金黄色-福 金黄色-旺 金黄色-财,国产,毛绒,PP棉,16厘米（带吸盘适合活动） 22厘米（带吸盘） 30厘米 45厘米 58厘米,有,,,,,,,http://detail.tmall.com/item.htm?id=561710627404&ns=1&abbucket=0,http://s.taobao.com/search?q=娃娃&ie=utf8&cps=yes&app=vproduct&cd=false&v=auction&tab=all&vlist=1&bcoffset=1&s=132,2018-01-12 09:46:49
毛绒玩具熊公仔2米布娃娃大熊生日礼物女孩送女友可爱睡觉抱玩偶,39.00,9866人付款,美丽新秘方,上海,开心猫,,,熊熊,,3岁 4岁 5岁 6岁 7岁 8岁 9岁 10岁 11岁 12岁 13岁 14岁 14岁以上,抱抱熊,公仔,紫色瞌睡熊 粉红色泰迪熊 深棕色瞌睡熊 浅棕色泰迪熊 浅棕色瞌睡熊 米白色瞌睡熊 米白色泰迪熊 粉红色瞌睡熊 紫色泰迪熊 天蓝色泰迪熊 天蓝色瞌睡熊 深棕色泰迪熊,国产,毛绒,PP棉,1米 1.2米 1.6米(亏本促销) 1.8米(女生喜爱)+送玫瑰花 2米+送玫瑰花 2.2米+送玫瑰花 2.5米(超大号)+送玫瑰花,,,,,,,,http://item.taobao.com/item.htm?id=37567471428&ns=1&abbucket=0#detail,http://s.taobao.com/search?q=娃娃&ie=utf8&cps=yes&app=vproduct&cd=false&v=auction&tab=all&vlist=1&bcoffset=1&s=132,2018-01-12 09:46:49
1.6米泰迪熊猫公仔大号1.8米布娃娃抱抱熊毛绒玩具送女友生日礼物,98.00,3800人付款,润仪旗舰店,江苏 扬州,润仪,,RY-21-185,熊熊,,4岁 5岁 6岁 7岁 8岁 9岁 10岁 11岁 12岁 13岁 14岁 14岁以上,抱抱熊,靠垫/抱枕,粉红色心动熊 浅棕色心动熊 深棕色心动熊 白色心动熊 白色（定制款） 深棕色（定制款） 浅棕色（定制款） 粉色（定制款） 粉红色心动熊（love520款） 白色（I LOVE YOU） 浅棕色（开心每一天） 白色(生日快乐),国产,毛绒,PP棉,直角量1.0米拉直量0.8米（可拆洗，收藏加购送礼品） 直角量1.2米拉直量1.0米（可拆洗，收藏加购送礼品） 直角量1.4米拉直量1.2米（可拆洗，收藏加购送礼品） 直角量1.6米拉直量1.35米（可拆洗，收藏加购送礼品） 直角量1.8米拉直1.6米（可拆洗，收藏加购送礼品） 直角量2.0米拉直量1.7米（可拆洗，收藏加购送礼品）,无,,,,,,,http://detail.tmall.com/item.htm?id=530557082706&ns=1&abbucket=0,http://s.taobao.com/search?q=娃娃&ie=utf8&cps=yes&app=vproduct&cd=false&v=auction&tab=all&vlist=1&bcoffset=1&s=132,2018-01-12 09:46:50
狗年吉祥物旺旺小狗毛绒玩具公仔旺财狗玩偶娃娃新年礼物公司,6.80,1427人付款,香依衣,江苏 扬州,other/其他,010,,狗狗,其他,2岁 3岁 4岁 5岁 6岁 7岁 8岁 9岁 10岁 11岁 12岁 13岁 14岁 14岁以上,其他,公仔,祥云狗20CM 印花旺狗20CM 富贵铃铛狗20CM 富贵铃铛狗25CM 县官狗24CM 百乐财福狗20CM 卷尾巴花布狗16CM 卷尾巴花布狗20CM 百乐泰迪旺狗20CM 财神狗20CM 印花祥瑞狗20CM 唐装元宝狗20CM 唐装元宝狗25CM 狗年吉祥物16CM混搭 狗年吉祥物20CM混搭 狗年吉祥物25CM混搭 白色 米白色 深灰色 灰色 黑色 桔红色 玫红色 粉红色 红色 藕色 西瓜红 酒红色 卡其色 姜黄色 明黄色 柠檬黄 浅黄色 荧光黄 金色 香槟色 黄色 军绿色 浅绿色 绿色 青色 宝蓝色 浅蓝色 湖蓝色 深紫色 巧克力色 栗色 深卡其布色 深棕色 花色,国产,毛绒,PP棉,狗年吉祥物/颜色搭配发/单只价,,,,,,,,http://item.taobao.com/item.htm?id=560132997928&ns=1&abbucket=0#detail,http://s.taobao.com/search?q=娃娃&ie=utf8&cps=yes&app=vproduct&cd=false&v=auction&tab=all&vlist=1&bcoffset=1&s=132,2018-01-12 09:46:50
趴趴狗毛绒玩具可爱睡觉抱枕公仔布娃娃女孩韩国萌大玩偶熊送女友,39.00,4283人付款,晒乐玩具专营店,天津,伊美娃娃,,sl-02,狗狗,其他,4岁 5岁 6岁 7岁 8岁 9岁 10岁 11岁 12岁 13岁 14岁 14岁以上,其他,公仔,可拆洗-条纹狗粉色 可拆洗-条纹狗蓝色,国产,毛绒,PP棉,【宇宙巨无霸】1.9米【送同款60cm颜色随机】 【收藏宝贝】1.55米【送同款60cm颜色随机】 100厘米【圣诞促销58元仅前100名】 【收藏宝贝】60厘米【送18cm爱心公仔】 【收藏宝贝】80厘米【送18cm爱心公仔】 【收藏宝贝】1米【送同款60cm颜色随机】 【收藏宝贝】1.2米【送同款60cm颜色随机】 【收藏宝贝】1.4米【送同款60cm颜色随机】,无,,,,,,,http://detail.tmall.com/item.htm?id=540942396532&ns=1&abbucket=0,http://s.taobao.com/search?q=娃娃&ie=utf8&cps=yes&app=vproduct&cd=false&v=auction&tab=all&vlist=1&bcoffset=1&s=132,2018-01-12 09:46:51
LIVHEART恐龙毛绒玩具娃娃少女心公仔可爱睡觉抱枕玩偶小女孩礼物,98.00,3191人付款,livheart旗舰店,江苏 南京,LIV HEART/丽芙之心,,48151,公仔,,3岁 4岁 5岁 6岁 7岁 8岁 9岁 10岁 11岁 12岁 13岁 14岁 14岁以上,其他,靠垫/抱枕,食蚁兽/SHIRO 西洛 袋鼠/TOBI 托比 猪/PINKU 缤可（S号猪预售1月14日发货） 恐龙/MIDORI 米多（S号恐龙预售1月14日发货） 鲨鱼/SAME 萨姆 黑猫 /NEKO 纳克,原装正版,毛绒,,S号(尺寸见详情页参数) L号(尺寸见详情页参数) M号(尺寸见详情页参数),,,,,,,,http://detail.tmall.com/item.htm?id=547299210466&ns=1&abbucket=0,http://s.taobao.com/search?q=娃娃&ie=utf8&cps=yes&app=vproduct&cd=false&v=auction&tab=all&vlist=1&bcoffset=1&s=132,2018-01-12 09:46:52
帕丁顿熊公仔 毛绒公仔正版毛绒玩具圣诞节礼物生日 柏灵顿熊公仔,95.00,2054人付款,蜂蜜熊玩具,上海,兔耳朵,,5468,熊熊,,2岁 3岁 4岁 5岁 6岁 7岁 8岁 9岁 10岁 11岁 12岁 13岁 14岁 14岁以上,抱抱熊,公仔,帕丁顿熊（箱装）,国产,毛绒,PP棉,1米（预售元旦发货） 30厘米（元旦发货）礼品装 50厘米（尽量圣诞节到）礼品装 80厘米（尽量圣诞节到）礼品装 50厘米（元旦发货）礼品装 80厘米（元旦后发货）礼品装,,,,,,,,http://item.taobao.com/item.htm?id=562646034322&ns=1&abbucket=0#detail,http://s.taobao.com/search?q=娃娃&ie=utf8&cps=yes&app=vproduct&cd=false&v=auction&tab=all&vlist=1&bcoffset=1&s=176,2018-01-12 09:46:52
网红穿毛衣玻尿酸鸭子ins小黄鸭毛绒玩具公仔玩偶礼物圣诞节礼物,60.00,5308人付款,精灵谷玩具旗舰店,江苏 扬州,THE ELVES VALLEY/精灵谷,,07101501,鸭鸭,,2岁 3岁 4岁 5岁 6岁 7岁 8岁 9岁 10岁 11岁 12岁 13岁 14岁 14岁以上,其他,公仔,粉鸭黄衣+粉星帽+白包 粉鸭蓝发带+蓝开衫白包 黄鸭圣诞长帽+圣诞衣+棕包 粉鸭圣诞长帽款+圣诞衣 黄鸭圣诞短帽圣诞衣棕包 白鸭蓝帽粉开棕包 黄鸭蓝帽蓝开棕包 粉鸭幸运黑帽纯灰白包 白鸭幸运红帽+圣诞衣白包 白鸭天使帽蓝吊带 黄鸭黑帽+黑线衫 粉鸭粉球帽浅灰衣白包 黄鸭黑works帽+墨镜+狗狗衣 黄鸭粉发带+小熊衣白包 白鸭黑帽子红爱心 白鸭天使帽 粉鸭黄帽+小熊衣白包 黄鸭蓝work帽子+墨镜+蓝围巾 黄鸭黑WORK帽子+墨镜 粉鸭蓝帽 黄鸭蓝works帽+墨镜,国产,毛绒,PP棉,32厘米（送眼镜+滑板车+粉色项圈+创口贴+手拎袋）,无,,,,,,,http://detail.tmall.com/item.htm?id=560085878140&ns=1&abbucket=0,http://s.taobao.com/search?q=娃娃&ie=utf8&cps=yes&app=vproduct&cd=false&v=auction&tab=all&vlist=1&bcoffset=1&s=176,2018-01-12 09:46:53
抓娃娃机公仔婚庆抛洒小玩偶定制公司活动礼品儿童毛绒玩具狗批發,2.95,9850人付款,魏莫夏88,山东 临沂,典爱,,DIANAI-TOY-001,公仔,,2岁 3岁 4岁 5岁 6岁 7岁 8岁 9岁 10岁 11岁 12岁 13岁 14岁 14岁以上,,公仔,小怪 让掌柜混搭发货 萝卜保卫 爱米熊 妖姬 变身小新 欧巴 奶牛 小怪兽 精灵球皮卡丘 龙卡丘 表情猫咪 狐狸狗 哈士奇 广东精品混搭30只起发 超人兔子 眼镜嘟嘟猴 卡通锤 粪斗 小香蕉 补丁青蛙 屁桃君 新款皮卡丘 抱牌熊 乳白色 白色 米白色 浅灰色 深灰色 灰色 银色 黑色 桔红色 玫红色 粉红色 红色 藕色 西瓜红 酒红色 卡其色 姜黄色 明黄色 杏色 柠檬黄 桔色 浅黄色 荧光黄 金色 香槟色 黄色 军绿色 墨绿色 浅绿色 绿色 翠绿色 荧光绿 青色 天蓝色 孔雀蓝 宝蓝色 浅蓝色 深蓝色 湖蓝色 蓝色 藏青色 浅紫色 深紫色 紫红色 紫罗兰 紫色 咖啡色 巧克力色 栗色 浅棕色 深卡其布色 深棕色 褐色 驼色 花色 其他颜色,国产,毛绒,PP棉,单只价/颜色随机/20CM左右,无,,,,,,,http://item.taobao.com/item.htm?id=542945569462&ns=1&abbucket=0#detail,http://s.taobao.com/search?q=娃娃&ie=utf8&cps=yes&app=vproduct&cd=false&v=auction&tab=all&vlist=1&bcoffset=1&s=176,2018-01-12 09:46:54
正版粉红豹公仔毛绒玩具可爱达浪韩国跳跳虎顽皮豹少女超大号娃娃,32.00,3306人付款,巢品母婴专营店,安徽 滁州,甜贝斯琪,,粉红豹,公仔,,3岁 4岁 5岁 6岁 7岁 8岁 9岁 11岁 12岁 13岁 14岁 14岁以上,粉红顽皮豹,公仔,白色 巧克力色 浅灰色 红色 蓝色 铁丝（无衣服） 肉色经典款（裸体无胡子电绣眼睛） 粉色俏皮款（裸体无胡子塑料眼睛）,原装正版,毛绒,PP棉,60厘米（直线距离）【收藏送挂件】 80厘米（直线距离）【收藏送挂件】 1米（直线距离）【收藏送挂件】 1.2米（直线距离）【收藏送挂件】 1.4米（直线距离）【收藏送挂件+暖手捂】 55cm（直线加脚长） 80cm（直线加脚长） 1.1m（直线加脚长）【收藏送挂件】 1.3m（直线加脚长）【收藏送挂件】 1.5m（直线加脚长）【收藏送挂件】 1.8m（直线加脚长）【收藏送挂件】,,,,,,,,http://detail.tmall.com/item.htm?id=559941502177&ns=1&abbucket=0,http://s.taobao.com/search?q=娃娃&ie=utf8&cps=yes&app=vproduct&cd=false&v=auction&tab=all&vlist=1&bcoffset=1&s=176,2018-01-12 09:46:55
可爱兔子毛绒玩具女生小白兔布娃娃睡觉抱枕儿童玩偶公仔女孩公主,20.60,11558人付款,上海妙喜玩具专营店,上海,多比乐,,qzt-01,兔兔,,4岁 5岁 6岁 7岁 8岁 9岁 10岁 11岁 12岁 13岁 14岁 14岁以上,其他,公仔,粉色裙子 蓝色裙子 水果兔 糖果兔,国产,毛绒,PP棉,【特价促销】46厘米 【儿童玩偶】56厘米【收藏宝贝送猫咪大挂件】 【陪睡娃娃】70厘米【收藏宝贝送猫咪大挂件】 【掌柜推荐，性价比高】90厘米【收藏宝贝送猫咪大挂件】 【生日礼物】110厘米【收藏宝贝送46cm水果兔1个】 【新年礼物】130厘米【收藏宝贝送56cm水果兔1个】 【表白，女神喜爱】160厘米【收藏宝贝送56cm水果兔1个】,无,,,,,,,http://detail.tmall.com/item.htm?id=535401771559&ns=1&abbucket=0,http://s.taobao.com/search?q=娃娃&ie=utf8&cps=yes&app=vproduct&cd=false&v=auction&tab=all&vlist=1&bcoffset=1&s=176,2018-01-12 09:46:55
仓鼠公仔娃娃毛绒玩具可爱韩国玩偶女孩睡觉暖手抱枕捂手枕礼物萌,32.00,8365人付款,悦之恋旗舰店,江苏 扬州,悦之恋,仓鼠201704,20170406cs,鼠鼠,,3岁 4岁 5岁 6岁 7岁 8岁 9岁 10岁 11岁 12岁 13岁 14岁 14岁以上,,公仔,灰色--开心 灰色--无辜 灰色--生气 棕色--开心 棕色--无辜 棕色--生气 灰色—开心（暖手捂） 灰色—生气（暖手捂） 灰色—泪眼（暖手捂） 棕色—开心（暖手捂） 棕色—生气（暖手捂） 棕色—泪眼（暖手捂）,国产,毛绒,PP棉,暖手捂（40cm*30cm） 40cm（插手公仔） 50cm(插手+毯子） 【礼物】50cm（可插手）礼品袋+玫瑰 40厘米 50厘米 60厘米 【礼物】40cm+礼品袋+玫瑰 【礼物】50cm+礼品袋+玫瑰 【礼物】60cm+礼品袋+玫瑰 50cm（插手公仔） 【礼物】40cm（可插手）礼品袋+玫瑰,无,,,,,,,http://detail.tmall.com/item.htm?id=548082968056&ns=1&abbucket=0,http://s.taobao.com/search?q=娃娃&ie=utf8&cps=yes&app=vproduct&cd=false&v=auction&tab=all&vlist=1&bcoffset=1&s=176,2018-01-12 09:46:56
泰迪熊猫可爱公仔2米大布娃娃抱睡觉女孩1.6抱抱熊毛绒玩具送女友,58.00,3527人付款,腾辉玩具专营店,广东 东莞,卡沙巴王子,纯情熊,0068,熊熊,,4岁 5岁 6岁 7岁 8岁 9岁 10岁 11岁 12岁 13岁 14岁 14岁以上,抱抱熊,公仔,棕色 白色 粉红色,原装正版,毛绒,PP棉,全长量1米【送二哈小狗】 全长量1米【亏本促销100个！】 全长1.2米【送二哈小狗】热卖 全长1.4米【送二哈小狗】 全长1.6米【送二哈小狗】送人有面子 全长1.8米【送二哈小狗】巨无霸,无,,,,,,,http://detail.tmall.com/item.htm?id=562405169652&ns=1&abbucket=0,http://s.taobao.com/search?q=娃娃&ie=utf8&cps=yes&app=vproduct&cd=false&v=auction&tab=all&vlist=1&bcoffset=1&s=176,2018-01-12 09:46:57
正版泰迪熊大熊毛绒玩具抱抱熊布娃娃抱枕公仔熊猫玩偶送女友娃娃,88.00,1268人付款,米西公主旗舰店,江苏 扬州,米西公主,爱心熊,0008,熊熊,,4岁 5岁 6岁 7岁 8岁 9岁 10岁 11岁 12岁 13岁 14岁 14岁以上,Teddy Bear/泰迪熊,公仔,深棕 浅棕 白色 粉色,国产,毛绒,PP棉,1.4米（袋装+小熊+玫瑰花） 80厘米（箱装+小熊+玫瑰花） 80厘米（袋装+小熊+玫瑰花） 1米（箱装+小熊+玫瑰花） 1米（袋装+小熊+玫瑰花） 1.2米（袋装+小熊+玫瑰花） 1米（特价每天10只） 1.2米（箱装+小熊+玫瑰花） 1.4米（箱装+小熊+玫瑰花） 1.6（箱装+小熊+玫瑰花） 1.8（箱装+小熊+玫瑰花） 1.6米（袋装+小熊+玫瑰花） 2米特大号（送小熊+9朵玫瑰花） 2.6米（土豪款送小熊+9朵玫瑰花） 1.8米（袋装+小熊+玫瑰花）,无,单熊,,,,,,http://detail.tmall.com/item.htm?id=523183827892&ns=1&abbucket=0,http://s.taobao.com/search?q=娃娃&ie=utf8&cps=yes&app=vproduct&cd=false&v=auction&tab=all&vlist=1&bcoffset=1&s=176,2018-01-12 09:46:57
2018狗年吉祥物公仔布娃娃生肖小狗狗毛绒玩具批发定制LOGO礼品物,8.60,7679人付款,韬略宝贝旗舰店,山东 临沂,Torrybaby/韬略宝贝,,T0088,狗狗,,2岁 3岁 4岁 5岁 6岁 7岁 8岁 9岁 10岁 11岁 12岁 13岁 14岁 14岁以上,其他,公仔,唐装吉祥狗20厘米 经典唐装狗20厘米 缤纷花布狗22厘米 红旺福狗20厘米 红哈士奇25厘米 钱袋祥云狗20厘米 旺字当头狗20厘米 财福狗22厘米 圆腮狗20厘米 迎春狗20厘米 财神到狗20厘米 鸿福狗20厘米 祥云喜庆狗21厘米 花耳狗18厘米 围巾花布狗25厘米 炫彩狗20厘米 中国结灯笼狗20厘米 来福狗24厘米 祥瑞狗20厘米 卖家帮忙搭配款式 福袋狗20厘米 金布唐装狗20厘米 狗来富贵19厘米 梅花狗20厘米,原装正版,毛绒,PP棉,单个价格/颜色搭配,无,,,,,,,http://detail.tmall.com/item.htm?id=561091971596&ns=1&abbucket=0,http://s.taobao.com/search?q=娃娃&ie=utf8&cps=yes&app=vproduct&cd=false&v=auction&tab=all&vlist=1&bcoffset=1&s=176,2018-01-12 09:46:57
毛绒玩具大熊猫大号布娃娃泰迪熊1.8米1.6公仔抱抱熊生日礼物女生,85.00,1508人付款,百纳家居专营店,上海,Primere,泰迪熊,ljde-z111,熊熊,,4岁 5岁 6岁 7岁 8岁 9岁 10岁 11岁 12岁 13岁 14岁 14岁以上,Teddy Bear/泰迪熊,公仔,棕色戴领结 白色带领结 米色带领结 棕色剃须 米色剃须 白色剃须 直毛 直毛剃须,原装正版,毛绒,PP棉,90厘米1.4公斤 90厘米穿毛衣 1米1.8公斤 1米戴领结加毛衣 1.2米2.3公斤 1.2米穿毛衣， 1.4米3.5公斤 1.4米穿毛衣 1.5米4公斤左右 1.5米穿毛衣 1.7米5.5公斤 1.8米装箱后9公斤 1.8米穿毛衣装箱发 2米戴领结装箱12公斤 1.7米穿毛衣,有,单熊,,,,,,http://detail.tmall.com/item.htm?id=3739617300&ns=1&abbucket=0,http://s.taobao.com/search?q=娃娃&ie=utf8&cps=yes&app=vproduct&cd=false&v=auction&tab=all&vlist=1&bcoffset=1&s=176,2018-01-12 09:46:58
婚庆抛洒布娃娃小玩偶抓机娃娃公仔女生狗布偶猪小号毛绒玩具批发,2.18,15395人付款,超越玩具城,山东 临沂,典爱,,公仔,公仔,,2岁 3岁 4岁 5岁 6岁 7岁 8岁 9岁 10岁 11岁 12岁 13岁 14岁 14岁以上,其他,公仔,狐狸狗 海军兔 爱米熊 狗年吉祥物 补丁青蛙 陶小枫 妖姬 奶牛 红心 欧巴 骰子 复仇者 哈士奇 沙皮狗 网红鸭 卡通锤 萌萌鳄鱼 桃人 推荐-鸿福16cm 围巾白熊 超人兔 青青鳄鱼 广东精品20cm混搭 丸子头 乳白色 白色 米白色 浅灰色 深灰色 灰色 银色 黑色 桔红色 玫红色 粉红色 红色 藕色 西瓜红 酒红色 卡其色 姜黄色 明黄色 杏色 柠檬黄 桔色 浅黄色 荧光黄 金色 香槟色 黄色 军绿色 墨绿色 浅绿色 绿色 翠绿色 荧光绿 青色 天蓝色 孔雀蓝 宝蓝色 浅蓝色 深蓝色 湖蓝色 蓝色 藏青色 浅紫色 深紫色 紫红色 紫罗兰 紫色 咖啡色 巧克力色 栗色 浅棕色 深卡其布色 深棕色 褐色 驼色 花色 其他颜色,原装正版,毛绒,PP棉,颜色搭配/单个价格,,,,,,,,http://item.taobao.com/item.htm?id=547569100157&ns=1&abbucket=0#detail,http://s.taobao.com/search?q=娃娃&ie=utf8&cps=yes&app=vproduct&cd=false&v=auction&tab=all&vlist=1&bcoffset=1&s=176,2018-01-12 09:46:58
2018年狗年吉祥物公仔毛绒玩具生肖狗旺财狗新年会活动礼物品定制,15.60,1320人付款,宇禾旗舰店,江苏 扬州,宇禾,,YHFY旺财狗,狗狗,其他,2岁 3岁 4岁 5岁 6岁 7岁 8岁 9岁 10岁 11岁 12岁 13岁 14岁 14岁以上,其他,公仔,旺财狗----黄嘴 旺财狗----白嘴 福字—福星高照狗 宝字__招财进宝狗 喜旺狗--龙凤呈祥 喜旺狗--旺财 喜旺狗--富贵牡丹花 嘟嘟--缎布 嘟嘟--牡丹,国产,毛绒,PP棉,23厘米 30厘米 40厘米,无,,,,,,,http://detail.tmall.com/item.htm?id=561542005643&ns=1&abbucket=0,http://s.taobao.com/search?q=娃娃&ie=utf8&cps=yes&app=vproduct&cd=false&v=auction&tab=all&vlist=1&bcoffset=1&s=176,2018-01-12 09:46:58
婚庆结婚毛绒玩具儿童小号玩偶抛洒礼物品女抓娃娃机娃娃批发公仔,2.61,6866人付款,攀总经理,北京,宣辰,,抓机娃娃,公仔,,3岁 4岁 5岁 6岁 7岁 8岁 9岁 10岁 11岁 12岁 13岁 14岁 14岁以上,其他,公仔,款式混批不挑款 条纹猫 呆萌狗 唐装狗40厘米 和服KT 水果猫 条纹鲸鱼 愤怒狗 背带皮卡丘 旺财狗20厘米 飞机象 泰国象 不二围巾兔 背带史迪仔 美人鱼 背带熊 超人派大星 抱心龙猫 红萝卜 眯眼猫 史迪仔 哈士奇 迷彩派大星 眯眼水果猪 乳白色 白色 米白色 浅灰色 深灰色 灰色 银色 黑色 桔红色 玫红色 粉红色 红色 藕色 西瓜红 酒红色 卡其色 姜黄色 明黄色 杏色 柠檬黄 桔色 浅黄色 荧光黄 金色 香槟色 黄色 军绿色 墨绿色 浅绿色 绿色 翠绿色 荧光绿 青色 天蓝色 孔雀蓝 宝蓝色 浅蓝色 深蓝色 湖蓝色 蓝色 藏青色 浅紫色 深紫色 紫红色 紫罗兰 紫色 咖啡色 巧克力色 栗色 浅棕色 深卡其布色 深棕色 褐色 驼色 花色 其他颜色,国产,毛绒,PP棉,20厘米左右单只价格满5只包邮,无,,,,,,,http://item.taobao.com/item.htm?id=523768946865&ns=1&abbucket=0#detail,http://s.taobao.com/search?q=娃娃&ie=utf8&cps=yes&app=vproduct&cd=false&v=auction&tab=all&vlist=1&bcoffset=1&s=176,2018-01-12 09:46:59
娃娃机抱枕玩偶毛绒玩具小狗礼品布娃娃生肖狗2018狗年吉祥物公仔,9.90,28500人付款,萌萌兔旗舰店,江苏 扬州,MENGMENGBUNNY 萌萌兔,卡通手捂8.8,mmt1002,猪猪,,3岁 4岁 5岁 6岁 7岁 8岁 9岁 10岁 11岁 12岁 13岁 14岁 14岁以上,其他,靠垫/抱枕,自家尖嘴祥云狗22cm 歪脖吐舌狗16cm 圆形柴犬狗16cm 毛豆米多款杂交狗16-18cm 9.9元小狗卖家帮忙配16-20cm 流浪狗17cm 长行绣花旗袍狗18cm 斜头旺财狗16cm 毛豆哈士奇红18cm 聚鑫唐装泰迪狗18cm 仙狗回首16cm 红黄胎记狗15cm 花布狗18cm 财神狗20cm 咿呀呀羽绒棉元宝狗22cm 咿呀呀铃铛拿牌狗22cm 圆形旺福狗18cm 15.8元狗卖家配19-24cm 财神围裙狗23cm 毛豆米拿钱带狗22cm 老爷横幅狗22m 自家铃铛财富狗20cm 毛豆米吐舌祥云狗22cm 手拿元宝微笑狗22cm,国产,毛绒,PP棉,单只价格,有,,,,,,,http://detail.tmall.com/item.htm?id=542975228358&ns=1&abbucket=0,http://s.taobao.com/search?q=娃娃&ie=utf8&cps=yes&app=vproduct&cd=false&v=auction&tab=all&vlist=1&bcoffset=1&s=176,2018-01-12 09:46:59
可爱泰迪熊公仔布娃娃抱抱熊毛绒玩具熊猫女孩睡觉抱枕送女友礼物,98.00,2615人付款,豆米玩旗舰店,江苏 扬州,豆米玩,,DMW-MPTDX-001,熊熊,,7岁 8岁 9岁 10岁 11岁 12岁 13岁 14岁 14岁以上,害羞熊,公仔,深棕红白毛衣 深棕蓝白毛衣 深棕咖啡毛衣 浅棕蓝白毛衣 浅棕红白毛衣 浅棕爱心毛衣 深棕爱心毛衣 浅棕咖啡毛衣,国产,毛绒,PP棉,全长80厘米箱装+玫瑰花 全长80厘米+玫瑰花 全长量1米+送玫瑰花 全长量1米箱装+送玫瑰花 全长量1.2米+送小熊 全长量1.2米箱装+送小熊 全长量1.4米+送小熊 全长量1.4米箱装+送小熊 全长量1.6米+送小熊 全长量1.6米箱装+送小熊 全长量1.8米+送小熊 全长量2米+送小熊 全长量1.8米箱装+送小熊,,,,,,,,http://detail.tmall.com/item.htm?id=553375254572&ns=1&abbucket=0,http://s.taobao.com/search?q=娃娃&ie=utf8&cps=yes&app=vproduct&cd=false&v=auction&tab=all&vlist=1&bcoffset=1&s=176,2018-01-12 09:47:00
网红cafe-mimi小黄鸭公仔ins毛绒玩具玻尿酸鸭生日情人节礼物女生,26.00,7820人付款,嘟嘟猫旗舰店,江苏 扬州,DUDU CAT 嘟嘟猫,玻尿酸鸭,玻尿酸鸭,鸭鸭,,4岁 5岁 6岁 7岁 8岁 9岁 10岁 11岁 12岁 13岁 14岁 14岁以上,其他,公仔,灰兔款 青蛙款 粉兔款 公主款 新款大眼款 裸鸭黄色 蓝条纹 白 兔款 生日帽款 大眼红衣少女 大眼帅小伙 小清新款 魅力帅气款 粉鸭--小清新款 粉鸭---粉兔款 裸鸭粉色 粉鸭--灰兔款 粉鸭--公主款 绿帽圣诞款 红帽围巾圣诞款 珍珠帽款 开衫公主 开衫王子 双球少年,国产,毛绒,PP棉,30厘米（收藏加购优先发货）,有,,,,,,,http://detail.tmall.com/item.htm?id=559838457575&ns=1&abbucket=0,http://s.taobao.com/search?q=娃娃&ie=utf8&cps=yes&app=vproduct&cd=false&v=auction&tab=all&vlist=1&bcoffset=1&s=176,2018-01-12 09:47:00
泰迪熊公仔大熊毛绒玩具抱抱熊玩偶布娃娃送女友熊猫生日礼物,65.00,2744人付款,童心园母婴专营店,江苏 扬州,HUILE TOYS/汇乐玩具,,HUILE-TDX-002,熊熊,,7岁 8岁 9岁 10岁 11岁 12岁 13岁 14岁 14岁以上,Teddy Bear/泰迪熊,公仔,棕色爱心熊 紫色爱心熊 粉色爱心熊,国产,毛绒,PP棉,身高90厘米 身高1.1米 身高1.3米 身高1.5米【送小熊手捂】 身高1.7米【送小熊手捂】,,情侣熊,,,,,,http://detail.tmall.com/item.htm?id=551647589536&ns=1&abbucket=0,http://s.taobao.com/search?q=娃娃&ie=utf8&cps=yes&app=vproduct&cd=false&v=auction&tab=all&vlist=1&bcoffset=1&s=176,2018-01-12 09:47:00
布娃娃仓鼠公仔暖手抱枕捂手枕插手毛绒玩具充电可爱生日礼物女生,34.92,9379人付款,星陆玩具制造有限公司,河北 保定,星陆,,563,鼠鼠,,2岁 3岁 4岁 5岁 6岁 7岁 8岁 9岁 10岁 11岁 12岁 13岁 14岁 14岁以上,其他,其他,一：抱枕+背包+暖手捂 三：抱枕+背包+暖手捂+毛毯 二：抱枕背包暖手捂+国标电暖宝 只有套餐二四可充电，拍时看选项 四：抱枕背包暖手捂+普通电暖宝 建议：普通电暖宝使用寿命更长,国产,毛绒,PP棉,40厘米*20厘米,,,,,,,,http://item.taobao.com/item.htm?id=560922375551&ns=1&abbucket=0#detail,http://s.taobao.com/search?q=娃娃&ie=utf8&cps=yes&app=vproduct&cd=false&v=auction&tab=all&vlist=1&bcoffset=1&s=176,2018-01-12 09:47:01
正版泰迪熊毛绒玩具大号公仔玩偶熊猫抱抱熊布娃娃生日礼物送女生,106.00,1681人付款,哒哒猪旗舰店,浙江 杭州,Dada Pig/哒哒猪,665-2,xinkuanmaoyix,熊熊,,4岁 8岁 12岁 14岁以上,Teddy Bear/泰迪熊,公仔,棕色（小熊版配红色毛衣） 棕色（美国国旗版） 棕色（小熊版配蓝色毛衣） 棕色（英国国旗版）,国产,毛绒,PP棉,60cm带毛衣（较小）（送毛绒挂件+仿真玫瑰花） 1米 （送美国条纹毛衣+小熊围兜+挂件+仿真玫瑰花) 80厘米（送美国条纹毛衣+小熊围兜+挂件+仿真玫瑰花) 1.2米（送美国条纹毛衣+小熊围兜+挂件+仿真玫瑰花) 1.6米（送美国条纹毛衣+小熊围兜+挂件+仿真玫瑰花),无,单熊,,,,,,http://detail.tmall.com/item.htm?id=26356032158&ns=1&abbucket=0,http://s.taobao.com/search?q=娃娃&ie=utf8&cps=yes&app=vproduct&cd=false&v=auction&tab=all&vlist=1&bcoffset=1&s=176,2018-01-12 09:47:01
2018狗年吉祥物公仔玩偶定制新年会生肖小狗狗旺财狗毛绒玩具批发,4.50,5954人付款,大阿福玩具,山东 临沂,other/其他,狗年吉祥物,00553,狗狗,,2岁 3岁 4岁 5岁 6岁 7岁 8岁 9岁 10岁 11岁 12岁 13岁 14岁 14岁以上,其他,公仔,地主老财狗25厘米 元宝狗20厘米 回眸旺财狗25厘米 多彩狗25厘米 鸿福齐天狗20厘米 20cm左右掌柜搭配发货 金布唐装狗20厘米 唐装/抱钱20厘米 梅花狗20厘米 白色 米白色 灰色 银色 黑色 桔红色 玫红色 粉红色 红色 藕色 西瓜红 酒红色 卡其色 姜黄色 明黄色 杏色 柠檬黄 桔色 浅黄色 荧光黄 金色 香槟色 黄色 墨绿色 浅绿色 绿色 翠绿色 荧光绿 青色 天蓝色 孔雀蓝 宝蓝色 浅蓝色 深蓝色 湖蓝色 蓝色 浅紫色 深紫色 紫红色 紫罗兰 紫色 巧克力色 栗色 浅棕色 深卡其布色 深棕色 褐色 驼色 花色,原装正版,毛绒,PP棉,单个价格/颜色搭配,无,,,,,,,http://item.taobao.com/item.htm?id=561133501446&ns=1&abbucket=0#detail,http://s.taobao.com/search?q=娃娃&ie=utf8&cps=yes&app=vproduct&cd=false&v=auction&tab=all&vlist=1&bcoffset=1&s=176,2018-01-12 09:47:01
可爱萌抱抱熊大熊毛绒玩具送女友玩偶女生韩国娃娃公仔睡觉抱女孩,48.00,3971人付款,筱雅玩具旗舰店,江苏 扬州,筱雅,,XY-ZHENZHIWJX-001,熊熊,,7岁 8岁 9岁 10岁 11岁 12岁 13岁 14岁 14岁以上,瞌睡熊,公仔,巧克力色【LOVE爱心棕围巾】 浅棕色【LOVE爱心棕围巾】,国产,毛绒,PP棉,直角量1.2米拉直量1米【收藏加购，送玫瑰花】 直角量1.2米拉直量1米【亏本促销，限量】 直角量1.4米拉直量1.2米【收藏加购，送玫瑰花】 直角量1.6米拉直量量1.4米【收藏加购，送玫瑰花】 直角量1.8米拉直量1.6米【收藏加购，送玫瑰花】 直角量1.4米拉直量1.2米【亏本促销，限量】 直角量2米拉直量1.8米【收藏加购，送玫瑰花】 直角量2.2米拉直量2米【收藏加购，送玫瑰花】,,,,,,,,http://detail.tmall.com/item.htm?id=555552452183&ns=1&abbucket=0,http://s.taobao.com/search?q=娃娃&ie=utf8&cps=yes&app=vproduct&cd=false&v=auction&tab=all&vlist=1&bcoffset=1&s=176,2018-01-12 09:47:01
霸王龙公仔恐龙毛绒玩具抱枕布娃娃玩偶可爱男孩女生儿童生日礼物,39.00,6131人付款,林辛旗舰店,江苏 扬州,林辛,,MRDHKL,恐龙,,3岁 4岁 5岁 6岁 7岁 8岁 9岁 10岁 11岁 12岁 13岁 14岁 14岁以上,其他,公仔,绿色恐龙 蓝色恐龙 绿色圣诞款恐龙 蓝色圣诞款恐龙,国产,毛绒,PP棉,全长60厘米 有拉链可拆洗 全长90厘米 有拉链可拆洗 全长1.1米 有拉链可拆洗— 全长1.6米 有拉链可拆洗,无,,,,,,,http://detail.tmall.com/item.htm?id=556982877873&ns=1&abbucket=0,http://s.taobao.com/search?q=娃娃&ie=utf8&cps=yes&app=vproduct&cd=false&v=auction&tab=all&vlist=1&bcoffset=1&s=176,2018-01-12 09:47:02
2018狗年吉祥物公仔挂件毛绒玩具娃娃旺财玩偶新年礼物生肖狗定制,15.60,1573人付款,木木猪旗舰店,江苏 扬州,木木猪,,MMZ-535,狗狗,其他,4岁 5岁 6岁 7岁 8岁 9岁 10岁 11岁 12岁 13岁 14岁 14岁以上,其他,公仔,旺旺彩巾狗-黄色嘴 旺旺彩巾狗-白色嘴,原装正版,毛绒,PP棉,23厘米 32厘米 40厘米,无,,,,,,,http://detail.tmall.com/item.htm?id=542285888012&ns=1&abbucket=0,http://s.taobao.com/search?q=娃娃&ie=utf8&cps=yes&app=vproduct&cd=false&v=auction&tab=all&vlist=1&bcoffset=1&s=176,2018-01-12 09:47:02
1.6米泰迪熊熊猫公仔大号毛绒玩具熊1.8抱抱熊布娃娃生日礼物女生,39.90,8035人付款,卡布琪琪舰店,江苏 扬州,卡布琪,20170424,201704241306,熊熊,,3岁 4岁 5岁 6岁 7岁 8岁 9岁 10岁 11岁 12岁 13岁 14岁 14岁以上,其他,公仔,浅棕-纯红毛衣 浅棕-红白毛衣 浅棕-蓝白毛衣 深棕-纯红毛衣 深棕-红白毛衣 米白色-红白毛衣 米白-无毛衣 浅棕-无毛衣,原装正版,毛绒,PP棉,1.0米【直角测量】 1.2米【直角测量】 1.4米【直角测量】 1.6米【直角测量】【亏本大促】 1.8米【直角测量】 2.0米【直角测量】 1.6米【直角测量】【亏本大促】,,,,,,,,http://item.taobao.com/item.htm?id=549303712587&ns=1&abbucket=0#detail,http://s.taobao.com/search?q=娃娃&ie=utf8&cps=yes&app=vproduct&cd=false&v=auction&tab=all&vlist=1&bcoffset=1&s=176,2018-01-12 09:47:02
泰迪熊公仔大熊毛绒玩具女生抱抱熊布娃娃熊猫抱枕生日礼物送女友,58.00,2998人付款,悠购旗舰店,江苏 南京,悠购,,泰迪熊A,熊熊,,3岁 4岁 5岁 6岁 7岁 8岁 9岁 10岁 11岁 12岁 13岁 14岁 14岁以上,Teddy Bear/泰迪熊,公仔,深棕红白条纹-柔软款 深棕大红love爱心-柔软款 浅棕红白条纹-柔软款 咖啡蓝白条纹-柔软款 咖啡红白条纹-柔软款,国产,毛绒,PP棉,60厘米活动促销价 限购2个 直角量1米，全长量80厘米送玫瑰花【彩袋包装】 直角量1.2米，全长量1米送玫瑰花【彩袋包装】 直角量1.4米，全长量1.2米送小熊挂件【彩袋包装】 直角量1.6米，全长量1.4米送小熊【彩袋包装】 直角量1.8米，全长量1.6米送小熊【彩袋包装】 直角量2米，全长量1.8米送小熊【彩袋包装】 直角量2.2米，全长量2米送小熊【彩袋包装】,,情侣熊,,,,,,http://detail.tmall.com/item.htm?id=551851537374&ns=1&abbucket=0,http://s.taobao.com/search?q=娃娃&ie=utf8&cps=yes&app=vproduct&cd=false&v=auction&tab=all&vlist=1&bcoffset=1&s=176,2018-01-12 09:47:03
ins网红cafe-mimi玻尿酸鸭小黄鸭毛绒玩具抱枕娃娃公仔女生日礼物,23.00,7077人付款,托爱玩具旗舰店,江苏 扬州,托爱,,2017bnsxj,鸭鸭,,2岁 3岁 4岁 5岁 6岁 7岁 8岁 9岁 10岁 11岁 12岁 13岁 14岁 14岁以上,,公仔,送项圈铃铛 蓝帽款 新年款迎春纳福 爱心毛衣情人套装款 圣诞长帽穿衣款 圣诞短帽穿衣款 酷黑黄条纹款 红白条纹套装款 大眼睛发带款 粉兔帽款 长耳兔款 公主帽款 白兔子帽款 粉milk款 小鹿款 米奇款 女王款 红领巾款 红帽子款 青蛙帽款 天才帽款,原装正版,毛绒,PP棉,精美手提袋装 【礼盒纸箱包装】,无,,,,,,,http://detail.tmall.com/item.htm?id=553301318443&ns=1&abbucket=0,http://s.taobao.com/search?q=娃娃&ie=utf8&cps=yes&app=vproduct&cd=false&v=auction&tab=all&vlist=1&bcoffset=1&s=176,2018-01-12 09:47:04
现货Jellycat Bashful Bunny邦尼兔子毛绒公仔玩具 苏瑞 王源同款,130.50,1202人付款,lieyunbao,浙江 杭州,JELLYCAT,,000005579,兔兔,,2岁 3岁 4岁 5岁 6岁 7岁 8岁 9岁 10岁 11岁 12岁 13岁 14岁,其他,公仔,cream奶油白 郁金香粉 奶油色碎花 蓝风铃草 野兔 棕灰色碎花 beige棕灰色 王源同款 山核桃色 枫树色 郁金香粉碎花 胡桃色 blue浅蓝 果子露粉 风信紫色 Aqua水湖蓝 玫瑰色碎花 银灰色 pink浅粉 浆果色 松露色 星星耳朵 柠檬色 白桦色 藕色 杏色,原装正版,毛绒,PP棉,婴儿款小号18厘米 苏瑞王源同款中号31cm 吴佩慈甜馨同款36cm大号 吴佩慈同款51cm特大号 超大号67厘米,无,,,,,,,http://item.taobao.com/item.htm?id=18878025142&ns=1&abbucket=0#detail,http://s.taobao.com/search?q=娃娃&ie=utf8&cps=yes&app=vproduct&cd=false&v=auction&tab=all&vlist=1&bcoffset=1&s=176,2018-01-12 09:47:04
2018狗年吉祥物毛绒玩具公仔生肖旺财小狗玩偶挂件唐装布娃娃批发,6.50,3269人付款,美智母婴专营店,山东 临沂,乐逗,,NH003,狗狗,其他,2岁 3岁 4岁 5岁 6岁 7岁 8岁 9岁 10岁 11岁 12岁 13岁 14岁 14岁以上,其他,公仔,旺字当头 财运旺旺 吉祥如意 红色旺/福 唐装福字 财神狗 围巾情侣男 围巾情侣女 唐装旺财 鸿运当头,国产,毛绒,PP棉,16厘米 20厘米 25厘米 30厘米 35厘米 40厘米 45厘米 50厘米 60厘米 70厘米,无,,,,,,,http://detail.tmall.com/item.htm?id=560815602384&ns=1&abbucket=0,http://s.taobao.com/search?q=娃娃&ie=utf8&cps=yes&app=vproduct&cd=false&v=auction&tab=all&vlist=1&bcoffset=1&s=176,2018-01-12 09:47:04
迪士尼商店 Disney Store漫画家迪士尼公主收藏娃娃升级版,260.00,1258人付款,disney迪士尼官方旗舰店,上海,Disney/迪士尼,52369,52369,,,3岁 4岁 5岁 6岁 7岁 8岁 9岁 10岁 11岁 12岁 13岁 14岁 14岁以上,,普通娃娃,漫画家公主白雪公主 冰雪奇缘艾莎公主 冰雪奇缘安娜公主 美女与野兽贝儿公主 魔法奇缘长发公主 睡美人爱洛公主 奇妙仙子小叮当 灰姑娘辛德瑞拉 人鱼公主爱丽儿,,,,30-50厘米,,,,娃娃,,中国,,http://detail.tmall.com/item.htm?id=559881253885&ns=1&abbucket=0,http://s.taobao.com/search?q=娃娃&ie=utf8&cps=yes&app=vproduct&cd=false&v=auction&tab=all&vlist=1&bcoffset=1&s=176,2018-01-12 09:47:05
巨型3米4布朗熊公仔特大号3.4超大毛绒玩具熊2.5m送女友布偶娃娃,2359.50,1072人付款,伊人邦睡衣店,江苏 扬州,other/其他,布朗熊,布朗熊,公仔,,4岁 6岁 8岁 10岁 12岁 14岁以上,抱抱熊,公仔,布朗熊 布朗熊会说I LOVE YOU 布朗熊会唱《生日快乐歌》 布朗熊会唱《只对你有感觉》 可妮兔 可妮兔会说“I LOVE YOU” 可妮兔会唱《生日歌》 布朗熊蓝牙款 布朗熊录音款,国产,毛绒,PP棉,50厘米 70厘米 1米【送同款35厘米】 1.2米【送同款35厘米】 1.6米【送同款35厘米】 1.8米【送同款50厘米】 2米【送同款50厘米】 2.2米【送同款50厘米】 2.5米【送50厘米】头部充气 3.4米【送50厘米】头部充气,,,,,,,,http://item.taobao.com/item.htm?id=553657098430&ns=1&abbucket=0#detail,http://s.taobao.com/search?q=娃娃&ie=utf8&cps=yes&app=vproduct&cd=false&v=auction&tab=all&vlist=1&bcoffset=1&s=176,2018-01-12 09:47:05
正版粉红豹公仔粉红顽皮豹毛绒玩具抱枕布娃娃女生圣诞节礼物玩偶,42.00,5320人付款,麦童阁玩具专营店,江苏 扬州,伊菲迪诺,粉红豹,2017-3-22,狐狸/豹,,3岁 4岁 5岁 6岁 7岁 8岁 9岁 10岁 11岁 12岁 13岁 14岁 14岁以上,粉红顽皮豹,公仔,白T恤1 灰色卫衣粉红豹 红色卫衣粉红豹 蓝绿色卫衣粉红豹 棕色卫衣粉红豹 基础款 白T恤 黑色,原装正版,毛绒,PP棉,80厘米（随机送海豚挂件一个） 1.1米（随机送30cm毛绒玩具） 1.3米（随机送30cm毛绒玩具） 1.8米（随机送30cm毛绒玩具） 1.5米（随机送30cm毛绒玩具） 55厘米（随机送海豚挂件一个）,无,,,,,,,http://detail.tmall.com/item.htm?id=547115965943&ns=1&abbucket=0,http://s.taobao.com/search?q=娃娃&ie=utf8&cps=yes&app=vproduct&cd=false&v=auction&tab=all&vlist=1&bcoffset=1&s=176,2018-01-12 09:47:06
哈士奇公仔狗狗毛绒玩具偶布娃娃可爱女生睡觉抱枕狗年吉祥物女孩,45.00,6386人付款,彤乐旗舰店,江苏 扬州,彤乐,,TL-990210,狗狗,哈士奇,3岁 4岁 5岁 6岁 7岁 8岁 9岁 10岁 11岁 12岁 13岁 14岁 14岁以上,,公仔,哈士奇-（可拆洗毛衣可脱）,国产,毛绒,PP棉,【比较小不宜送礼】50厘米【连尾巴量】送仿真玫瑰 【朋友送礼】70厘米【连尾巴量】送仿真玫瑰 【日常陪伴】1米【连尾巴量 】送20厘米可爱狗+玫瑰+香包 【活动促销价】1.2米连尾巴量（送香包） 【女生欢喜】1.2米【连尾巴量 】送20厘米可爱狗+玫瑰+香包 【活动抢购价】1.3米连尾巴量（送香包） 【女神大爱】1.5米【连尾巴量 】送20厘米可爱狗+玫瑰+香包 【霸占半个床】1.7米【连尾巴量 】送50厘米哈士奇+可爱狗+玫瑰 【巨无霸】2米【连尾巴量】送50厘米哈士奇+可爱狗+玫瑰 【送给重要的人】2.6米【连尾巴量】送70厘米哈士奇+可爱狗+玫瑰,无,,,,,,,http://detail.tmall.com/item.htm?id=528730898768&ns=1&abbucket=0,http://s.taobao.com/search?q=娃娃&ie=utf8&cps=yes&app=vproduct&cd=false&v=auction&tab=all&vlist=1&bcoffset=1&s=176,2018-01-12 09:47:06
韩国布朗熊公仔毛绒玩具可妮兔抱枕可爱萌布娃娃圣诞节礼物送女友,59.00,3665人付款,萌牛丶特能输,江苏 扬州,默默爱,,布朗熊公仔,熊熊,,3岁 4岁 5岁 6岁 7岁 8岁 9岁 10岁 11岁 12岁 13岁 14岁 14岁以上,,公仔,【经典】布朗熊 【刻字款 定制祝福语】可妮兔 【刻字款 定制祝福语】布朗熊 【经典】可妮兔 【红白条纹】布朗熊 【红白条纹】可妮兔 【蓝白条纹】布朗熊 【蓝白条纹】可妮兔 【红爱心】布朗熊 【红爱心】可妮兔 【英伦风】布朗熊 【英伦风】可妮兔,原装正版,毛绒,PP棉,【活动款】90厘米（送同款摆件 70厘米（送布朗熊摆件） 1.15米（送35厘同款） 1.3米（送35厘米同款） 1.7米（送35厘米同款） 2.5米【巨无霸】,无,,,,,,,http://item.taobao.com/item.htm?id=553293642310&ns=1&abbucket=0#detail,http://s.taobao.com/search?q=娃娃&ie=utf8&cps=yes&app=vproduct&cd=false&v=auction&tab=all&vlist=1&bcoffset=1&s=176,2018-01-12 09:47:07
2018狗年吉祥物公仔狗狗毛绒玩具小狗玩偶定制新年生肖旺财狗批发,1.90,3858人付款,kiggeee,浙江 金华,伊美娃娃,,ZK29,其他,,4岁 5岁 6岁 7岁 8岁 9岁 10岁 12岁 13岁 14岁 14岁以上,其他,公仔,旺财狗红30厘米 旺财狗黄30厘米 拜年娃娃男款30cm 拜年娃娃女款30cm 红包狗女25厘米 红包狗男25厘米 宫廷狗红35cm 宫廷狗黄35cm 喜庆站狗30厘米 吉祥狗30厘米 福旺狗粉30厘米 福旺狗黄30厘米 福旺狗红30厘米 旺旺领结狗35厘米 招财进宝30厘米 酷狗35厘米 拜年娃娃女款40厘米 拜年娃娃男40厘米 旺财红40厘米 旺财黄40厘米 喜庆站狗40厘米 拜年娃娃男50cm 拜年娃娃女50cm 招财进宝40厘米 乳白色 白色 米白色 浅灰色 深灰色 灰色 银色 黑色 桔红色 玫红色 粉红色 红色 藕色 西瓜红 酒红色 卡其色 姜黄色 明黄色 杏色 柠檬黄 桔色 浅黄色 荧光黄 金色 香槟色 黄色 军绿色 墨绿色 浅绿色 绿色 翠绿色 荧光绿 青色 天蓝色 孔雀蓝 宝蓝色 浅蓝色 深蓝色 湖蓝色 蓝色 藏青色 浅紫色 深紫色 紫红色 紫罗兰 紫色 咖啡色 巧克力色 栗色 浅棕色 深卡其布色 深棕色 褐色 驼色 花色 其他颜色,国产,毛绒,PP棉,单个价格颜色随机,无,,,,,,,http://item.taobao.com/item.htm?id=42102640308&ns=1&abbucket=0#detail,http://s.taobao.com/search?q=娃娃&ie=utf8&cps=yes&app=vproduct&cd=false&v=auction&tab=all&vlist=1&bcoffset=1&s=176,2018-01-12 09:47:07
大熊1.6毛绒玩具送女友泰迪熊猫2米布娃娃抱抱熊公仔圣诞节礼物女,99.00,3874人付款,大奇玩具旗舰店,江苏 扬州,大奇,,刺猬熊,熊熊,,2岁 3岁 4岁 5岁 6岁 7岁 8岁 9岁 10岁 11岁 12岁 13岁 14岁 14岁以上,其他,公仔,红色爱心毛衣熊 棕色毛衣熊 灰色毛衣熊 红白条纹毛衣熊 蓝白条毛衣熊,国产,毛绒,PP棉,2.0米（袋装+小公仔） 促销价直角量1米（全长80厘米） 1米（袋装+小挂件） 1.2米（袋装+小挂件） 1.4米（袋装+仿真玫瑰花） 1.6米（袋装+仿真玫瑰花） 1.8米（袋装+仿真玫瑰花） 1米（箱装+小挂件） 1.2米（箱装+小挂件） 1.4米（箱装+仿真玫瑰花） 1.6米（箱装+仿真玫瑰花） 1.8米（箱装+仿真玫瑰花） 2.0米（箱装+小公仔）,无,,,,,,,http://detail.tmall.com/item.htm?id=532205865473&ns=1&abbucket=0,http://s.taobao.com/search?q=娃娃&ie=utf8&cps=yes&app=vproduct&cd=false&v=auction&tab=all&vlist=1&bcoffset=1&s=176,2018-01-12 09:47:08
正版哆啦a梦公仔机器猫毛绒玩具叮当猫蓝胖子娃娃女生生日礼物,35.00,4391人付款,迪卡梦玩具专营店,江苏 扬州,Aoger/澳捷尔,,哆啦A梦公仔,猫咪,,2岁 3岁 4岁 5岁 6岁 7岁 8岁 9岁 10岁 11岁 12岁 13岁 14岁 14岁以上,哆啦A梦/机器猫,公仔,经典款 亲亲款 大笑款 送爱心 送四叶幸运草 送幸运五星 送记忆面包 浪漫甜心送爱心款 送情书,原装正版,毛绒,PP棉,【正版授权】9寸，坐高25厘米（送爱心香包） 【正版授权】12寸，坐高33厘米（送爱心香包） 【正版授权】16寸，坐高40厘米（送爱心香包） 【正版授权】20寸，坐高55厘米（送正版7寸机器猫公仔） 【正版授权】26寸，坐高68厘米（送正版7寸机器猫公仔） 【正版授权】30寸，坐高80厘米（限量款，送正版7寸机器猫公仔）,,,,,,,,http://detail.tmall.com/item.htm?id=39494832359&ns=1&abbucket=0,http://s.taobao.com/search?q=娃娃&ie=utf8&cps=yes&app=vproduct&cd=false&v=auction&tab=all&vlist=1&bcoffset=1&s=176,2018-01-12 09:47:08
可爱胡萝卜抱枕毛绒玩具大萝卜公仔布娃娃抱睡觉玩偶超萌女生礼物,32.00,5508人付款,晒乐玩具专营店,天津,伊美娃娃,,ymlb-01,水果系列,,4岁 5岁 6岁 7岁 8岁 9岁 10岁 11岁 12岁 13岁 14岁 14岁以上,其他,靠垫/抱枕,微笑款 睡觉款 大笑,国产,毛绒,PP棉,"【收藏送28cm萝卜公仔】50厘米 【收藏送28cm萝卜公仔】120厘米【震撼款】 【收藏送28cm萝卜公仔,每日限供20个】120厘米【震撼款】 100cm【新年活动价仅48元】 【收藏送28cm萝卜公仔】70厘米 【收藏送28cm萝卜公仔】100厘米【收藏活动价】",无,,,,,,,http://detail.tmall.com/item.htm?id=559094883670&ns=1&abbucket=0,http://s.taobao.com/search?q=娃娃&ie=utf8&cps=yes&app=vproduct&cd=false&v=auction&tab=all&vlist=1&bcoffset=1&s=176,2018-01-12 09:47:08
GUND 可爱狗狗毛绒玩具BOO仿真狗狗小布萌玩偶女生狗年吉祥物公仔,89.00,2386人付款,gund旗舰店,上海,GUND,BOO集合款,4056233,狗狗,博美,2岁 3岁 4岁 5岁 6岁 7岁 8岁 9岁 10岁 11岁 12岁 13岁 14岁 14岁以上,,公仔,雪人装 邦尼兔 海盗装 蜜蜂装 芭蕾装 美人鱼 唐装 红衣连帽衫 小怪物 白熊装 小黄鸭 恐龙装 兔子装 美国帽 圣诞款 生日公主 蓝色毛衣 经典款 青蛙款 熊猫款 雪精灵 狮子装20CM,原装正版,毛绒,PP棉,13厘米 22厘米,有,,,,,,,http://detail.tmall.com/item.htm?id=553421082930&ns=1&abbucket=0,http://s.taobao.com/search?q=娃娃&ie=utf8&cps=yes&app=vproduct&cd=false&v=auction&tab=all&vlist=1&bcoffset=1&s=176,2018-01-12 09:47:09
毛绒玩具泰迪熊公仔抱抱熊女孩可爱熊猫布娃娃大熊生日礼物送女友,52.00,3771人付款,卡沙巴王子创大专卖店,广东 深圳,卡沙巴王子,抱抱熊,泰迪熊公仔,熊熊,,4岁 5岁 6岁 7岁 8岁 9岁 10岁 11岁 12岁 13岁 14岁 14岁以上,Teddy Bear/泰迪熊,公仔,爱的就是你 快乐每一天 生日快乐 送给最爱的人 1314爱你 爱的就是你（粉色） 快乐每一天（粉色） 生日快乐（粉色） 送给最爱的人（粉色） 1314爱你（粉色）,原装正版,毛绒,PP棉,【标准平躺直量】—中号 70厘米 【标准平躺直量】—大号90厘米 【标准平躺直量】—加大号1.1米（热卖） 【标准平躺直量】—加大号1.3米(送人有面子) 【标准平躺直量】—巨无霸1.6米,无,单熊,,,,,,http://detail.tmall.com/item.htm?id=536131799724&ns=1&abbucket=0,http://s.taobao.com/search?q=娃娃&ie=utf8&cps=yes&app=vproduct&cd=false&v=auction&tab=all&vlist=1&bcoffset=1&s=264,2018-01-12 09:47:10
生肖唐装旺财狗毛绒玩具小狗礼品抓机娃娃狗年吉祥物公仔定制批发,4.10,3582人付款,酷狼奇玩具,江苏 扬州,7711,,0007,公仔,,2岁 3岁 4岁 5岁 6岁 7岁 8岁 9岁 10岁 11岁 13岁 14岁 14岁以上,大头狗,公仔,碎花狗18厘米 穿衣狗18厘米 花花狗20厘米 小红狗10厘米 侧身绸缎狗20厘米 耳朵福狗20厘米 鸿运狗20厘米 泰迪犬40厘米 金色斗牛犬22厘米 财神狗22厘米 苹果福印花狗25厘米 侧身花布狗22厘米 美人狗19厘米 喜庆狗20厘米 站立花布狗20厘米 铃铛财运狗22厘米 20厘米左右狗混批 12厘米左右狗混批 旺旺狗20厘米 福字祥云狗20厘米 恭喜发财狗25厘米 均阳唐装狗25厘米 哮天犬25厘米 印花狗16厘米 乳白色 白色 米白色 浅灰色 深灰色 灰色 银色 黑色 桔红色 玫红色 粉红色 红色 藕色 西瓜红 酒红色 卡其色 姜黄色 明黄色 杏色 柠檬黄 桔色 浅黄色 荧光黄 金色 香槟色 黄色 军绿色 墨绿色 浅绿色 绿色 翠绿色 荧光绿 青色 天蓝色 孔雀蓝 宝蓝色 浅蓝色 深蓝色 湖蓝色 蓝色 藏青色 浅紫色 深紫色 紫红色 紫色 咖啡色 巧克力色 栗色 深卡其布色 深棕色 褐色 驼色 花色 其他颜色,国产,毛绒,PP棉,单只价格颜色混搭,,,,,,,,http://item.taobao.com/item.htm?id=39515451962&ns=1&abbucket=0#detail,http://s.taobao.com/search?q=娃娃&ie=utf8&cps=yes&app=vproduct&cd=false&v=auction&tab=all&vlist=1&bcoffset=1&s=264,2018-01-12 09:47:10
英国jellycat经典害羞系列正版邦尼兔米色柔软毛绒宝宝玩具公仔,285.00,1205人付款,jellycat海外旗舰店,英国,,,,,,,,,,,,,,,,,,,,,http://detail.tmall.com/item.htm?id=45315502492&ns=1&abbucket=0,http://s.taobao.com/search?q=娃娃&ie=utf8&cps=yes&app=vproduct&cd=false&v=auction&tab=all&vlist=1&bcoffset=1&s=264,2018-01-12 09:47:11
2018狗年吉祥物公仔挂件毛绒玩具玩偶娃娃新年礼物年会礼品送女生,8.90,7121人付款,魔鱼豆豆玩具专营店,江苏 扬州,晓晓,,1801,公仔,,14岁以上,其他,公仔,旺财狗可爱款（黄脸） 旺财狗可爱款（白脸） 送福狗 旺旺福狗笑脸款 旺旺福狗圆眼款 财神狗 花布狗红色 花布狗蓝色 棕色 红色 黄色斑点狗 红色斑点狗 Q版哈士奇,原装正版,毛绒,PP棉,24厘米 30厘米 10厘米 20厘米 40厘米 15厘米,无,,,,,,,http://detail.tmall.com/item.htm?id=561684674809&ns=1&abbucket=0,http://s.taobao.com/search?q=娃娃&ie=utf8&cps=yes&app=vproduct&cd=false&v=auction&tab=all&vlist=1&bcoffset=1&s=264,2018-01-12 09:47:11
新婚压床礼物一对布娃娃金童玉女情侣娃娃结婚礼品婚庆娃娃喜娃,50.00,3218人付款,xynh05,江苏 扬州,小棕熊,,,其他,,3岁 4岁 5岁 6岁 7岁 8岁 9岁 10岁 11岁 12岁 13岁 14岁 14岁以上,其他,公仔,福袋款天生一对 双喜款天生一对 刺绣款腮红 刺绣腮红定制（内容留言） 圆眼款天生一对 双喜天生一对定制（内容留言） 天生一对（活动款） 新款郎才女貌（箱装） 新款才子佳人,国产,毛绒,PP棉,50cm限时促销，每天20名 50cm亏本促销+礼品袋 50cm（礼品袋+头纱+虎头鞋 65cm（亏本促销） 65cm礼品袋+头纱+虎头鞋 80cm（礼品袋+头纱+虎头鞋 55cm箱装+礼品袋+虎头鞋,,,,,,,,http://item.taobao.com/item.htm?id=520766019326&ns=1&abbucket=0#detail,http://s.taobao.com/search?q=娃娃&ie=utf8&cps=yes&app=vproduct&cd=false&v=auction&tab=all&vlist=1&bcoffset=1&s=264,2018-01-12 09:47:12
婚庆毛绒玩具公仔 结婚礼品抓机娃娃婚礼小玩偶毛绒抛洒礼物批发,0.68,1108人付款,咕嘟小窝玩具,江苏 扬州,other/其他,111,AD0001,公仔,,3岁 4岁 5岁 6岁 7岁 8岁 9岁 10岁 11岁 12岁 13岁 14岁 14岁以上,,公仔,10厘米以下（小挂件） 10-15厘米（婚庆抛洒） 10-16厘米（精品挂件） 20厘米左右（抓机质量较差） 20厘米左右（抓机专用） 20-30厘米（精品礼物） 30-35厘米（婚庆质量一般） 30-40厘米（婚庆精品） 40-50厘米（婚礼活动专用） 50-70厘米（婚礼游戏奖品） 70-90厘米（婚庆抽奖） 1米左右（婚庆压轴） 1.2米左右（压轴娃娃）,国产,毛绒,PP棉,如图部分展示款式颜色随机发货,无,,,,,,,http://item.taobao.com/item.htm?id=41118094315&ns=1&abbucket=0#detail,http://s.taobao.com/search?q=娃娃&ie=utf8&cps=yes&app=vproduct&cd=false&v=auction&tab=all&vlist=1&bcoffset=1&s=264,2018-01-12 09:47:12
英国jellycat害羞粉色郁金香邦尼兔柔软毛绒玩具公仔,519.00,1225人付款,jellycat海外旗舰店,英国,JELLYCAT,,BAS3BTP-,兔兔,,2岁 3岁 4岁 5岁 6岁 7岁 8岁 9岁 10岁 11岁 12岁 13岁 14岁 14岁以上,,公仔,郁金香,原装正版,毛绒,PP棉,13cm 18CM 36cm 51cm 67cm 31cm,,,,,,,,http://detail.tmall.com/item.htm?id=520923086805&ns=1&abbucket=0,http://s.taobao.com/search?q=娃娃&ie=utf8&cps=yes&app=vproduct&cd=false&v=auction&tab=all&vlist=1&bcoffset=1&s=264,2018-01-12 09:47:12
泰迪熊公仔抱抱熊毛绒玩具女生大熊猫布娃娃玩偶情人节礼物送女友,68.00,2132人付款,悠购旗舰店,江苏 南京,悠购,,baoxin熊,熊熊,,4岁 5岁 6岁 7岁 8岁 9岁 10岁 11岁 12岁 13岁 14岁 14岁以上,Teddy Bear/泰迪熊,公仔,紫色围巾熊 红色围巾熊 咖啡色围巾熊 深棕色围巾熊,国产,毛绒,PP棉,直角量1米，拉直量80厘米（送玫瑰花）【带拉链，可拆洗】 直角量1.2米，拉直量1米（送玫瑰花）【带拉链，可拆洗】 直角量1.4米，拉直量1.2米（送小熊挂件+玫瑰花）【热卖尺寸】 直角量1.6米，拉直量1.4米（送领结熊+玫瑰花）【热卖尺寸】 直角量1.8米，拉直量1.6米（送领结熊+玫瑰花）【热卖尺寸】 直角量2米，拉直量1.8米（送领结熊+玫瑰花）【带拉链，可拆洗】,无,单熊,,,,,,http://detail.tmall.com/item.htm?id=547050863218&ns=1&abbucket=0,http://s.taobao.com/search?q=娃娃&ie=utf8&cps=yes&app=vproduct&cd=false&v=auction&tab=all&vlist=1&bcoffset=1&s=264,2018-01-12 09:47:12
狗年吉祥物公仔毛绒玩具小旺财狗娃娃机新年会活动礼品圣诞节礼物,6.80,1570人付款,拍拍乐玩具旗舰店,江苏 扬州,拍拍乐,,PPLGOU001,狗狗,,3岁 4岁 5岁 6岁 7岁 8岁 9岁 10岁 11岁 12岁 13岁 14岁 14岁以上,其他,公仔,唐装泰迪狗 唐装哈士奇 金钱印花狗 福半唐装 红福泰迪狗 红旺泰迪狗 金钱红旺狗 金钱黄财狗 元旺财花狗黄嘴 元围脖福字狗黄嘴 印花福狗 粉红金铃狗 淡蓝金铃狗 白色金铃狗 福旺狗金色 福旺狗花色 喜旺狗金色 喜旺狗花色 红色铃铛狗 黄色铃铛狗 喜狗红旺 喜狗红财 喜狗黄旺 喜狗黄财,国产,毛绒,PP棉,35厘米 40厘米 15厘米 20厘米 25厘米 30厘米 45厘米 50厘米,,,,,,,,http://detail.tmall.com/item.htm?id=558247267992&ns=1&abbucket=0,http://s.taobao.com/search?q=娃娃&ie=utf8&cps=yes&app=vproduct&cd=false&v=auction&tab=all&vlist=1&bcoffset=1&s=264,2018-01-12 09:47:13
悠悠兔来图定做公仔玩偶毛绒玩具公司吉祥物企业LOGO定制纪念玩偶,100.00,135人付款,悠悠兔旗舰店,江苏 扬州,悠悠兔,dz001,1184264138,其他,,3岁 4岁 5岁 6岁 7岁 8岁 9岁 10岁 11岁 12岁 13岁 14岁 14岁以上,其他,公仔,定做打样专拍链接 全款专拍链接 大货金额多少拍多少,国产,毛绒,PP棉,10-100cm【咨询客服请勿乱拍】,无,,,,,,,http://detail.tmall.com/item.htm?id=522691537502&ns=1&abbucket=0,http://s.taobao.com/search?q=娃娃&ie=utf8&cps=yes&app=vproduct&cd=false&v=auction&tab=all&vlist=1&bcoffset=1&s=264,2018-01-12 09:47:13
哈士奇公仔送女友大号狗狗毛绒玩具布娃娃女生玩偶抱枕圣诞节礼物,75.00,6454人付款,桑瑞斯家居专营,浙江 杭州,拉芙拓儿,哈士奇公仔,lfte0000846,狗狗,哈士奇,3岁 4岁 5岁 6岁 7岁 8岁 9岁 10岁 11岁 12岁 13岁 14岁 14岁以上,情侣狗,公仔,哈士奇（可拆洗）,国产,毛绒,PP棉,--加购收藏先发货+送礼品包装袋-- 【朋友送礼】1米【送40cm同款小哈+玫瑰花】 【闺蜜喜欢】1.2米【送40cm同款小哈+玫瑰花】 【闺蜜喜欢】1.3米【送40cm同款小哈+玫瑰花】 【活动抢购】1.3米，限量500个，抢完即止 【推荐送礼】1.5米-1.6米【送40cm同款小哈+玫瑰花】 【主图款，女神喜欢】1.7米-1.8米【送40cm同款小哈+玫瑰花】 【震撼表白款】2米【送50cm同款小哈+玫瑰花】,有,,,,,,,http://detail.tmall.com/item.htm?id=560515133273&ns=1&abbucket=0,http://s.taobao.com/search?q=娃娃&ie=utf8&cps=yes&app=vproduct&cd=false&v=auction&tab=all&vlist=1&bcoffset=1&s=264,2018-01-12 09:47:14
冬季可爱龙猫暖手抱枕捂手枕毛绒玩具插手布娃娃暖手宝礼物学生萌,21.00,12330人付款,笛美乐旗舰店,江苏 扬州,笛美乐,,龙猫手捂,猫咪,,3岁 4岁 5岁 6岁 7岁 8岁 9岁 10岁 11岁 12岁 13岁 14岁 14岁以上,龙猫,靠垫/抱枕,龙猫圆形 微笑款龙猫 方形龙猫 可爱款熊猫 泪眼熊猫 三角眼熊猫 噘嘴款龙猫【米色毯子】 龇牙款龙猫【米色毯子】 眯眼咬牙款龙猫【米色毯子】 调皮款龙猫【米色毯子】,国产,毛绒,PP棉,两用抱枕 没有毯子 三用款 有毯子（1米×1.7米）,无,,,,,,,http://detail.tmall.com/item.htm?id=539657443349&ns=1&abbucket=0,http://s.taobao.com/search?q=娃娃&ie=utf8&cps=yes&app=vproduct&cd=false&v=auction&tab=all&vlist=1&bcoffset=1&s=264,2018-01-12 09:47:14
正版hello kitty公仔哈喽KT娃娃凯蒂猫玩偶毛绒玩具女生生日礼物,26.00,3660人付款,迪卡梦玩具专营店,江苏 扬州,Aoger/澳捷尔,,经典背带KT公仔,猫咪,,2岁 3岁 4岁 5岁 6岁 7岁 8岁 9岁 10岁 11岁 12岁 13岁 14岁 14岁以上,hellokitty,公仔,粉色经典KT 红色经典KT 粉色草莓KT 紫色葡萄KT 红色苹果KT 橙色橘子KT 抱抱草莓KT 抱抱山竹KT 抱抱苹果KT 粉色四叶草KT 红色四叶草KT 绿色四叶草KT 紫色四叶草KT,原装正版,毛绒,PP棉,【正版授权】8寸，坐高20厘米 【正版授权】9寸，坐高25厘米 【正版授权】12寸，坐高33厘米 【正版授权】15寸，坐高38厘米 【正版授权】17寸，坐高42厘米 【正版授权】18寸，坐高46厘米 【正版授权】22寸，坐高58厘米 【正版授权】26寸，坐高68厘米 【正版授权】16寸，坐高45厘米 【正版授权】20寸，坐高58厘米,,,,,,,,http://detail.tmall.com/item.htm?id=39466997236&ns=1&abbucket=0,http://s.taobao.com/search?q=娃娃&ie=utf8&cps=yes&app=vproduct&cd=false&v=auction&tab=all&vlist=1&bcoffset=1&s=264,2018-01-12 09:47:15
可爱猪公仔玩偶睡觉暖手抱枕捂手枕趴趴毛绒玩具猪娃娃生日礼物女,32.00,5384人付款,伊朵朵旗舰店,江苏 扬州,伊朵朵,,YDD30005,猪猪,,3岁 4岁 5岁 6岁 7岁 8岁 9岁 10岁 11岁 12岁 13岁 14岁 14岁以上,其他,公仔,白色香香猪 粉色香香猪,原装正版,毛绒,PP棉,大中小一套3只（送小猪公仔+玫瑰花+礼品袋） 45厘米，比较小介意者慎拍（小号不可插手）送礼品袋 70厘米，掌柜推荐，热销款（中号可插手）送礼品袋+玫瑰花 95厘米（大号不可插手）送小熊+玫瑰花+礼品袋,无,,,,,,,http://detail.tmall.com/item.htm?id=542842072433&ns=1&abbucket=0,http://s.taobao.com/search?q=娃娃&ie=utf8&cps=yes&app=vproduct&cd=false&v=auction&tab=all&vlist=1&bcoffset=1&s=264,2018-01-12 09:47:15
小猪佩奇毛绒玩具布娃娃乔治公仔玩偶女孩佩琪恐龙玩偶家庭装一家,21.00,5285人付款,上海妙喜玩具专营店,浙江 金华,小猪佩奇,,YMWW-93,猪猪,,4岁 5岁 6岁 7岁 8岁 9岁 10岁 11岁 12岁 13岁 14岁 14岁以上,其他,公仔,小号四口礼盒 新年散装一家四口 大号四口礼盒 19cm佩奇 19cm乔治 19cm佩奇有配件 19C佩奇+乔治 19cm乔治有配件 30cm佩奇 30cm乔治 30cm猪妈妈 30cm猪爸爸 30cm佩奇有配件 30cm猪爷爷 30cm猪奶奶 46CM佩奇 46CM乔治 46cm猪爸爸+猪妈妈 66cm佩奇【无配件】 30cm乔治有配件 46cm大号恐龙 29cm中号恐龙 81cm佩奇 佩奇书包,原装正版,毛绒,PP棉,正版授权，防伪商标 爱的陪伴-暖心之礼,无,,,,,,,http://detail.tmall.com/item.htm?id=557252203467&ns=1&abbucket=0,http://s.taobao.com/search?q=娃娃&ie=utf8&cps=yes&app=vproduct&cd=false&v=auction&tab=all&vlist=1&bcoffset=1&s=264,2018-01-12 09:47:16
婚庆玩偶毛绒玩具结婚礼物布娃娃机小公仔婚礼抛洒抓机布娃娃批发,94.08,990人付款,陈部长87,江苏 扬州,other/其他,婚庆套餐,,,,2岁 3岁 4岁 5岁 6岁 7岁 8岁 9岁 10岁 11岁 12岁 13岁 14岁 14岁以上,,公仔,具体介绍见详情,国产,毛绒,PP棉,135套餐 195套餐 285套餐 385高档大礼包 98套餐 588元土豪套餐 666元土豪又实惠套餐,,,,,,,,http://item.taobao.com/item.htm?id=44702174782&ns=1&abbucket=0#detail,http://s.taobao.com/search?q=娃娃&ie=utf8&cps=yes&app=vproduct&cd=false&v=auction&tab=all&vlist=1&bcoffset=1&s=264,2018-01-12 09:47:17
婚庆抛洒布娃娃结婚礼物品毛绒玩具儿童小号玩偶抓机娃娃公仔批发,2.20,12016人付款,大阿福玩具,山东 临沂,other/其他,公仔,00495,公仔,,2岁 3岁 4岁 5岁 6岁 7岁 8岁 9岁 10岁 11岁 12岁 13岁 14岁 14岁以上,其他,公仔,眯眼兔 小熊猫 水果流氓兔 乖乖虎 围巾兔 小站狗 复仇者 霸王龙 小海豚 小奶瓶 香蕉猴 棕耳熊 搞怪小丑 小袋鼠 【让店家搭配发货】 大公仔（30厘米左右混搭） 大眼精灵 帽子鸡 奶嘴熊 背带龙喵 害羞白兔 趴趴狗 万能胶囊 梅花鹿 乳白色 白色 米白色 浅灰色 深灰色 灰色 银色 黑色 桔红色 玫红色 粉红色 红色 藕色 西瓜红 酒红色 卡其色 姜黄色 明黄色 杏色 柠檬黄 桔色 浅黄色 荧光黄 金色 香槟色 黄色 军绿色 墨绿色 浅绿色 绿色 翠绿色 荧光绿 青色 天蓝色 孔雀蓝 宝蓝色 浅蓝色 深蓝色 湖蓝色 蓝色 藏青色 浅紫色 深紫色 紫红色 紫罗兰 紫色 咖啡色 巧克力色 栗色 浅棕色 深卡其布色 深棕色 褐色 驼色 花色 其他颜色,国产,毛绒,PP棉,二十厘米左右/单个价格颜色随机,无,,,,,,,http://item.taobao.com/item.htm?id=551306960463&ns=1&abbucket=0#detail,http://s.taobao.com/search?q=娃娃&ie=utf8&cps=yes&app=vproduct&cd=false&v=auction&tab=all&vlist=1&bcoffset=1&s=264,2018-01-12 09:47:17
美国BABY GUND 躲猫猫害羞小象儿童安抚玩具毛绒公仔音乐玩偶,308.00,818人付款,tjskids海外旗舰店,香港 新界,GUND,GUND,小象,象,,2岁 3岁 4岁,其他,公仔,小象,原装正版,毛绒,PP棉,30厘米,有,,,,,,,http://detail.tmall.com/item.htm?id=546803969919&ns=1&abbucket=0,http://s.taobao.com/search?q=娃娃&ie=utf8&cps=yes&app=vproduct&cd=false&v=auction&tab=all&vlist=1&bcoffset=1&s=264,2018-01-12 09:47:17
千礼马 结婚礼物婚庆压床娃娃一对公仔情侣抱枕婚房创意玩偶大号,118.00,1784人付款,千礼马原创品牌,福建 厦门,千礼马,,,公仔,,3岁 4岁 5岁 6岁 7岁 8岁 9岁 10岁 11岁 12岁 13岁 14岁 14岁以上,其他,公仔,烫金礼盒款 红色,原装正版,毛绒,PP棉,50CM刻字+钥匙扣 60CM刻字+钥匙扣 70CM刻字+钥匙扣,,,,,,,,http://item.taobao.com/item.htm?id=552729306055&ns=1&abbucket=0#detail,http://s.taobao.com/search?q=娃娃&ie=utf8&cps=yes&app=vproduct&cd=false&v=auction&tab=all&vlist=1&bcoffset=1&s=264,2018-01-12 09:47:18
婚庆娃娃毛绒玩具结婚礼物布娃娃机 小公仔婚礼抛洒抓机娃娃,94.08,885人付款,shen灵,江苏 扬州,,,,,,3岁 4岁 5岁 6岁 7岁 8岁 9岁 10岁 11岁 12岁 13岁 14岁 14岁以上,其他,公仔,具体见祥情,国产,毛绒,PP棉,98元套餐 198元套餐 285元套餐 135元套餐 388元豪华套餐 588元土豪套餐,无,,,,,,,http://item.taobao.com/item.htm?id=555221222439&ns=1&abbucket=0#detail,http://s.taobao.com/search?q=娃娃&ie=utf8&cps=yes&app=vproduct&cd=false&v=auction&tab=all&vlist=1&bcoffset=1&s=264,2018-01-12 09:47:18
正版兔子美国邦尼兔毛绒玩具大号抱枕布娃娃玩偶公仔生日礼物女生,138.00,1223人付款,哒哒猪旗舰店,浙江 杭州,Dada Pig/哒哒猪,MG-TU,MG-TU,兔兔,,4岁 7岁 10岁 12岁 14岁以上,流氓兔,公仔,【美国兔】深灰色,国产,毛绒,PP棉,65厘米【柔软面料】（送40厘米萝卜公仔+仿真玫瑰花） 80厘米【柔软面料】（送40厘米萝卜公仔+仿真玫瑰花） 1米【柔软面料】（送40厘米萝卜公仔+仿真玫瑰花） 1.2米【柔软面料】（送40厘米萝卜公仔+仿真玫瑰花） 1.3米【柔软面料】（送40厘米萝卜公仔+仿真玫瑰花） 1.55米【柔软面料】（送40厘米萝卜公仔+仿真玫瑰花）,无,,,,,,,http://detail.tmall.com/item.htm?id=537056776551&ns=1&abbucket=0,http://s.taobao.com/search?q=娃娃&ie=utf8&cps=yes&app=vproduct&cd=false&v=auction&tab=all&vlist=1&bcoffset=1&s=264,2018-01-12 09:47:19
狗毛绒玩具唐装狗公仔狗年吉祥物小狗玩偶布娃娃抱枕礼物年会礼品,10.00,108人付款,尚品同创旗舰店,北京,尚品同创,,唐装狗-鹏,狗狗,其他,14岁以上,其他,公仔,唐装狗-鹏 花布狗-鹏 钱袋唐装狗 元宝旺财 县官狗 贺岁狗 旺财泰迪狗 新款红黄福旺狗,国产,毛绒,PP棉,20厘米 25厘米 30厘米 35厘米 40厘米 50厘米 60厘米,无,,,,,,,http://detail.tmall.com/item.htm?id=559131559393&ns=1&abbucket=0,http://s.taobao.com/search?q=娃娃&ie=utf8&cps=yes&app=vproduct&cd=false&v=auction&tab=all&vlist=1&bcoffset=1&s=264,2018-01-12 09:47:19
趴趴熊音乐抱枕公仔熊毛绒玩具送女友生日礼物女生抱抱熊可爱睡觉,178.00,1567人付款,liyi99礼意久久旗舰店,广东 深圳,LiYi99/礼意久久,,20120411007,熊熊,,2岁 3岁 4岁 5岁 6岁 7岁 8岁 9岁 10岁 11岁 12岁 13岁 14岁 14岁以上,趴趴熊,靠垫/抱枕,【LiYi99正品】蓝牙趴趴熊+蓝色衣服+刻字+专属眼镜 【围巾温暖款】凉席+红色围巾+趴趴熊+蓝色衣服+刻字+眼镜 【冬季专属款】抱枕公仔+趴趴熊+蓝色衣服+刻字+眼镜 收藏加购顺丰包邮,国产,毛绒,PP棉,顺丰包邮，19：00前下单，当天发货,有,,,,,,,http://detail.tmall.com/item.htm?id=540056235256&ns=1&abbucket=0,http://s.taobao.com/search?q=娃娃&ie=utf8&cps=yes&app=vproduct&cd=false&v=auction&tab=all&vlist=1&bcoffset=1&s=264,2018-01-12 09:47:19
2018狗年吉祥物公仔生肖旺财小狗狗玩偶毛绒玩具娃娃新年礼物批发,16.80,1749人付款,皮皮豆旗舰店,浙江 金华,皮皮豆,ppd,bng-01,狗狗,其他,4岁 5岁 6岁 7岁 8岁 9岁 10岁 11岁 12岁 13岁 14岁 14岁以上,其他,公仔,吉祥如意 恭喜发财 旺财狗-红 旺财狗-黄 拜年娃娃-红色 拜年娃娃-黄色 红包狗 黄色 红包狗 红色 卡波狗 喜庆福气狗 站姿 铃铛福狗 坐姿 福旺旺-招财进宝 福袋狗【小号30cm 大号35cm】 领结旺财狗【特价款】,国产,毛绒,PP棉,22厘米【活动优惠 特价款】 40厘米【年会礼物】 20-25厘米【婚庆抛洒】 30-35厘米【可印制LOGO】 60厘米【新年装饰】 50厘米【送礼送福气】,无,,,,,,,http://detail.tmall.com/item.htm?id=562154324010&ns=1&abbucket=0,http://s.taobao.com/search?q=娃娃&ie=utf8&cps=yes&app=vproduct&cd=false&v=auction&tab=all&vlist=1&bcoffset=1&s=264,2018-01-12 09:47:20
泰迪熊公仔毛绒玩具抱抱熊女生大熊猫娃娃生日圣诞节礼物 送女友,29.00,5054人付款,猫绒绒旗舰店,江苏 南通,猫绒绒,,mrr35,熊熊,,4岁 5岁 6岁 7岁 8岁 9岁 10岁 11岁 12岁 13岁 14岁 14岁以上,抱抱熊,公仔,思念熊 白色 思念熊 浅棕色 思念熊 深棕色 思念熊 粉色,国产,毛绒,PP棉,直角量95厘米 送礼品外袋 直角量2米 送礼品外袋 直角量65厘米 特价小号 直角量1.2米 送礼品外袋 直角量1.4米 送礼品外袋 直角量1.6米 特价 送礼品外袋 直角量1.8米 送礼品外袋,,,,,,,,http://detail.tmall.com/item.htm?id=542012846579&ns=1&abbucket=0,http://s.taobao.com/search?q=娃娃&ie=utf8&cps=yes&app=vproduct&cd=false&v=auction&tab=all&vlist=1&bcoffset=1&s=264,2018-01-12 09:47:20
可爱猫咪毛绒玩具小玩偶超萌布偶娃娃公仔睡觉大抱枕生日礼物女孩,39.00,3053人付款,淘气猫玩具旗舰店,广东 广州,淘气猫,,DNM,猫咪,,4岁 5岁 6岁 7岁 8岁 9岁 10岁 11岁 12岁 13岁 14岁 14岁以上,其他,公仔,害羞款（浅黄色） 可爱款（浅黄色） 俏皮款（浅黄色） 微笑款 可爱款 害羞款 俏皮款 大笑款,原装正版,毛绒,PP棉,身长40厘米（全长55厘米） 身长50厘米（全长70厘米） 身长60厘米（全长80厘米） 特大号—身长70厘米（全长1.1米）热卖 身长1米（全长1.6米）送人有面子,无,,,,,,,http://detail.tmall.com/item.htm?id=45381546274&ns=1&abbucket=0,http://s.taobao.com/search?q=娃娃&ie=utf8&cps=yes&app=vproduct&cd=false&v=auction&tab=all&vlist=1&bcoffset=1&s=264,2018-01-12 09:47:21
发光泰迪熊猫公仔大抱抱熊毛绒布娃娃玩具女孩儿童生日礼物送女友,88.00,1985人付款,陶陶妮旗舰店,江苏 扬州,陶陶妮,熊,发光熊1#,熊熊,,3岁 4岁 5岁 6岁 7岁 8岁 9岁 10岁 11岁 12岁 13岁 14岁 14岁以上,抱抱熊,公仔,红款生日快乐 红款开心每一天 红款圣诞节快乐 粉款生日快乐 粉款开心每一天 粉款圣诞节快乐 紫款生日快乐 紫款开心每一天 紫款圣诞节快乐,国产,毛绒,PP棉,80厘米（彩袋装） 80厘米（纸箱装） 1米（彩袋装） 1米（纸箱装） 1.2米（彩袋装） 1.2米（纸箱装）,有,,,,,,,http://detail.tmall.com/item.htm?id=560630005767&ns=1&abbucket=0,http://s.taobao.com/search?q=娃娃&ie=utf8&cps=yes&app=vproduct&cd=false&v=auction&tab=all&vlist=1&bcoffset=1&s=264,2018-01-12 09:47:22
皮卡丘公仔比卡丘正版毛绒玩具抱枕特大号玩偶布娃娃女生日儿童,33.00,5116人付款,直到世界尽头2003,江苏 扬州,范特西凯斯,,皮卡丘,其他,,4岁 5岁 6岁 7岁 8岁 9岁 10岁 11岁 12岁 13岁 14岁 14岁以上,其他,公仔,经典超柔款（有拉链，可拆洗） 可爱新款（有拉链，可拆洗） 经典款（会说I LOVE YOU） 经典款（会说生日快乐） 可爱款（会说生日快乐） 可爱款（会说I LOVE YOU） 经典弹柔款 可爱弹柔款 带帽款,国产,毛绒,PP棉,70厘米活动款 45厘米（送22CM小皮卡丘） 55厘米（送22CM小皮卡丘） 70厘米（送28CM小皮卡丘） 80厘米（送28CM小皮卡丘） 1米（送28CM小皮卡丘） 1.2米（送28CM小皮卡丘）,无,,,,,,,http://item.taobao.com/item.htm?id=548196946939&ns=1&abbucket=0#detail,http://s.taobao.com/search?q=娃娃&ie=utf8&cps=yes&app=vproduct&cd=false&v=auction&tab=all&vlist=1&bcoffset=1&s=264,2018-01-12 09:47:22
仓鼠暖手抱枕公仔毛绒玩具女生可爱萌韩国搞怪女孩睡觉布娃娃玩偶,39.00,4213人付款,唯乐坊玩具专营店,江苏 扬州,窝乐,,01CCL1L-JSY39,鼠鼠,,3岁 4岁 5岁 6岁 7岁 8岁 9岁 10岁 11岁 12岁 13岁 14岁 14岁以上,其他,公仔,开心灰软体仓鼠 生气灰软体仓鼠 无辜灰软体仓鼠 开心棕软体仓鼠 生气棕软体仓鼠 无辜棕色软体仓鼠 定制软体仓鼠,原装正版,毛绒,PP棉,40厘米 50厘米 60厘米 礼品套装(40cm+手提袋+玫瑰花) 礼品套装(50cm+手提袋+玫瑰花) 礼品套装(60cm+手提袋+玫瑰花) (可插手)50厘米 (可插手)50厘米(加毯子1*1.7米),无,,,,,,,http://detail.tmall.com/item.htm?id=552781415089&ns=1&abbucket=0,http://s.taobao.com/search?q=娃娃&ie=utf8&cps=yes&app=vproduct&cd=false&v=auction&tab=all&vlist=1&bcoffset=1&s=264,2018-01-12 09:47:23
可爱蜡笔小新公仔玩偶布娃娃送女生毛绒玩具创意搞怪生日礼物抱枕,29.70,4165人付款,美尔玩具,北京,,,2587758,公仔,,2岁 3岁 4岁 5岁 6岁 7岁 8岁 9岁 10岁 11岁 12岁 13岁 14岁 14岁以上,蜡笔小新,公仔,黑色睡衣款 红色睡衣款 蓝色睡衣款 蓝条睡衣款 粉色睡衣款 蓝色学生款 黄色屎伯款 黑色-园眼款 黑色-眯眼款 黑色-逗眼款 红色-园眼款 红色-眯眼款 红色-逗眼款 蓝条-亲亲款 蓝条-眯眼款 蓝条-逗眼款 星月-亲亲款 星月-眯眼款 星月-逗眼款 粉色-亲亲款 粉色-眯眼款 粉色-逗眼款 学生-亲亲款 学生-眯眼款,国产,毛绒,PP棉,35cm赠送20厘米小新 45cm随机礼品一个 55cm随机礼品一个 75cm随机礼品2个 95cm赠20厘米小新和小礼品 120cm赠20小新和礼品,,,,,,,,http://item.taobao.com/item.htm?id=548422407849&ns=1&abbucket=0#detail,http://s.taobao.com/search?q=娃娃&ie=utf8&cps=yes&app=vproduct&cd=false&v=auction&tab=all&vlist=1&bcoffset=1&s=264,2018-01-12 09:47:23
婚庆毛绒玩具结婚抛洒儿童小号玩偶礼物女生抓娃娃机娃娃公仔批发,2.20,7379人付款,15966726000liang,江苏 扬州,other/其他,00,08118,熊熊,,2岁 3岁 4岁 5岁 6岁 14岁以上,中国娃娃/PUCCA,公仔,龙猫 考拉 小背带布朗肯尼 花花狗 绣心兔子 史迪仔 鼠鼠 冰淇淋 鸭梨山大 眼镜猴 国宝 水果兔 酷胖狗狗 维尼熊 款式搭配混批 长鼻子象 狗挂件 不二兔 小动物 背带熊 派大星 大眼乌龟 兔斯基 围巾猪 乳白色 白色 米白色 浅灰色 深灰色 灰色 银色 黑色 桔红色 玫红色 粉红色 红色 藕色 西瓜红 酒红色 卡其色 姜黄色 明黄色 杏色 柠檬黄 桔色 浅黄色 荧光黄 金色 香槟色 黄色 军绿色 墨绿色 浅绿色 绿色 翠绿色 荧光绿 青色 天蓝色 孔雀蓝 宝蓝色 浅蓝色 深蓝色 湖蓝色 蓝色 藏青色 浅紫色 深紫色 紫红色 紫罗兰 紫色 咖啡色 巧克力色 栗色 浅棕色 深卡其布色 深棕色 褐色 驼色 花色 其他颜色,原装正版,毛绒,PP棉,20厘米左右单只价格,,,,,,,,http://item.taobao.com/item.htm?id=537749507454&ns=1&abbucket=0#detail,http://s.taobao.com/search?q=娃娃&ie=utf8&cps=yes&app=vproduct&cd=false&v=auction&tab=all&vlist=1&bcoffset=1&s=264,2018-01-12 09:47:23
超萌北极熊毛绒玩具可爱趴趴熊睡觉抱枕玩偶公仔韩国搞怪娃娃女生,66.00,2282人付款,秀尚玩具专营店,浙江 金华,尚绒坊,yrmbjx0727,yrmbjx0727,熊熊,,2岁 3岁 4岁 5岁 6岁 7岁 8岁 9岁 10岁 11岁 12岁 13岁 14岁 14岁以上,其他,公仔,白色超柔羽绒棉围巾款 棕色超柔羽绒棉围巾款 白色棕色各一个,原装正版,毛绒,PP棉,50厘米【送坐姿熊宝宝】儿童优选 70厘米【送坐姿熊宝宝】可做枕头 90厘米【送坐姿熊宝宝】沙发抱枕 110厘米【送坐姿熊宝宝】店长推荐 睡觉抱枕 130厘米【送坐姿熊宝宝】女神优选 70厘米一对【超值抢购哟】 70厘米【限时特价体验，数量有限】,无,,,,,,,http://detail.tmall.com/item.htm?id=556056485120&ns=1&abbucket=0,http://s.taobao.com/search?q=娃娃&ie=utf8&cps=yes&app=vproduct&cd=false&v=auction&tab=all&vlist=1&bcoffset=1&s=264,2018-01-12 09:47:23
